"Feature";"Gain";"Cover";"Frequency"
"m_egresos";0,0398926342766891;0,00363455954955473;0,000885527515962299
"m_egreso_principal";0,0386759706762333;0,00232180110647884;0,000832319854058985
"m_egreso_principal__min_3";0,0364996987598152;0,00178241236139207;0,000680297962906659
"mcaja_ahorro";0,031923148322764;0,00545612185932993;0,00136249619945272
"m_egresos__min_3";0,0283375307940038;0,0039339577917504;0,000682198236546063
"mv_status07__tend_3";0,0201760249340374;0,000468681194044642;0,000364852538765582
"fl_fidelizacion_media__tend_6";0,0132932382170762;0,000379407892843129;0,000478868957129827
"mcuentas_saldo";0,0124659461813263;0,00531660078971722;0,00207129826695044
"m_egreso_principal__min_6";0,0111574393304832;0,000968282346709806;0,000558680449984798
"mcaja_ahorro__min_3";0,0108284768421713;0,00384384796236568;0,00119337184554576
"Visa_status__tend_6";0,0100955634438253;0,00029524037704595;0,000539677713590757
"mv_Finiciomora_delta1";0,00967594441662937;0,000843029914954859;0,000399057464274856
"mv_Finiciomora";0,00960403118493488;0,00280499160514672;0,00122377622377622
"m_egresos__min_6";0,00901323622768689;0,00133299914239114;0,000442763757981149
"cliente_antiguedad_delta1";0,00877312307891697;0,00508261243516062;0,000480769230769231
"ctarjeta_visa_transacciones";0,00692658261289545;0,00407664086500912;0,000857023411371237
"pc_egreso_principal__min_6";0,00688065770254279;0,000711224730890853;0,000898829431438127
"mdescubierto_preacordado__tend_6";0,00687996488622657;0,000642183371322079;0,000378154454241411
"pc_egreso_principal";0,00674741934456106;0,00108697453974968;0,00112876254180602
"ctarjeta_visa__tend_6";0,00662514049489032;0,000478539886749347;0,000167224080267559
"mcuenta_corriente__tend_3";0,00606567011994744;0,00175982516817599;0,00229933110367893
"Visa_Finiciomora";0,00596563340508261;0,00165805369351312;0,00103184858619641
"ctrx_quarter";0,00554123235215847;0,00310919103489892;0,0014480085132259
"cproductos__tend_3";0,00536503235810295;0,00433021826255048;0,00110215871085436
"cproductos__tend_6";0,00533137239367231;0,0040303239965177;0,00187176953481301
"m_adeuda";0,00493761149687259;0,0047950750613949;0,00153542110063849
"mcuenta_corriente";0,00476937420238819;0,00131299492875425;0,00197058376406202
"mdescubierto_preacordado";0,00468924799747803;0,000824722742434221;0,000216631194892064
"mdescubierto_preacordado__tend_12";0,00462424248405561;0,000905601776699595;0,00062519002736394
"ctrx_quarter__min_3";0,00372303463344561;0,00251359627448136;0,00114206445728185
"mv_Finiciomora__min_3";0,00359690080531287;0,00064432171488506;0,000545378534508969
"mtarjeta_visa_consumo";0,00358122207426508;0,00281366874522793;0,000661295226512618
"cpayroll_trx";0,00357213274063219;0,00486300351727082;0,000475068409851019
"mcuenta_corriente__tend_6";0,00344537336754544;0,00168749945166137;0,00236964122833688
"mpayroll";0,00342484143138114;0,00690674659378303;0,000714502888415932
"m_prestamos_totales_delta1";0,00333578458082723;0,00361151119372805;0,00159813013073883
"mv_Finiciomora__max_3";0,00312095114844224;0,000882251648083983;0,000678397689267254
"m_prestamos_totales__min_3";0,00304776425978082;0,00106218089080117;0,000866524779568258
"ctrx_quarter_delta1";0,00302584163818223;0,00567176332103813;0,0027059896625114
"mv_status06__tend_12";0,00294673310650396;0,000297288290474373;0,000395256916996047
"mdescubierto_preacordado__tend_3";0,00289721521805502;0,000642719341491672;0,00016342353298875
"ctrx_quarter__tend_3";0,00286831649937273;0,00282129013255729;0,00230693219823655
"fl_fidelizacion_media__min_6";0,00284032290262749;0,000160883034795085;4,75068409851019e-05
"mcuentas_saldo__tend_6";0,00277222644145507;0,00322310173104262;0,00221191851626634
"cliente_antiguedad__tend_12";0,00270613852933797;0,000270594817683621;0,000361051991486774
"cproductos__tend_12";0,00270026065287669;0,00141904114125246;0,00217581331711766
"mcuenta_corriente_delta1";0,00269887724372043;0,00154675219349495;0,00223092125266038
"mcaja_ahorro_lag1";0,00254492808067279;0,00214914842440484;0,0015392216479173
"pc_limite_saldo";0,00251080187136034;0,00224485670121095;0,00177675585284281
"mcaja_ahorro__min_6";0,00247578624150698;0,00207033431042231;0,00091403162055336
"m_adeuda__min_3";0,00244896037241534;0,00329358644144076;0,00128838552751596
"mcuenta_corriente__max_3";0,00244480221150457;0,00119744064160819;0,00211310428701733
"m_egresos_lag1";0,00244379758129154;0,000861517043725777;0,000786713286713287
"mprestamos_personales_delta1";0,00242055840704483;0,0024102773738202;0,00116106719367589
"mv_delinquency__tend_6";0,00237798703911289;0,00112081125865535;0,00103944968075403
"mv_Finiciomora__tend_3";0,00236814425040502;0,000773080892220425;0,0005130738826391
"ctrx_quarter__tend_6";0,00232660238986731;0,00290109016383629;0,00224422316813621
"mdescubierto_preacordado__min_6";0,00232086958474171;0,000352748094754156;0,000127318333840073
"m_egresos__min_12";0,00222930895035914;0,000820071537253318;0,000528276071754333
"ctrx_quarter__tend_12";0,00219780643944341;0,0041343847576392;0,00207699908786865
"ctarjeta_visa_transacciones__tend_3";0,0021431618332246;0,00785946608666368;0,00148031316509577
"mpasivos_margen";0,00206291728307563;0,00345865256916131;0,0023297354819094
"mcuentas_saldo_delta1";0,00205904858770001;0,0049504820868202;0,00265278200060809
"mcuentas_saldo__min_3";0,00200550066104967;0,00129722203179779;0,00171404682274247
"mpayroll__min_3";0,00200261217495061;0,00230117393910961;0,000499771967163272
"m_prestamos_totales";0,00199229583037457;0,00304662196996247;0,000976740650653694
"mcuentas_saldo__min_6";0,00193886369493509;0,000821993453055956;0,00170454545454545
"fl_fidelizacion_media__min_3";0,00193511104412604;7,95214239728375e-05;4,94071146245059e-05
"cliente_antiguedad__tend_3";0,00192181850308307;0,0140548507364463;0,000663195500152022
"mprestamos_personales__tend_6";0,00189260693965219;0,000529156607849499;0,0010261477652782
"cliente_antiguedad__tend_6";0,001869807726871;0,00102775138979194;0,000290741866828823
"ctarjeta_visa";0,00183434718924394;0,000108623344205524;4,94071146245059e-05
"mpasivos_margen__tend_12";0,00181958651917674;0,00126665836960247;0,00179955913651566
"Visa_mpagominimo";0,00173405453487722;0,00271065399040515;0,00065749467923381
"mcuentas_saldo__tend_3";0,0016633752472604;0,00889432699136758;0,00217011249619945
"mv_delinquency";0,00163464820483077;0,000920426301392012;0,000110215871085436
"pc_limite_saldo__tend_6";0,00162921144009633;0,00518831150442439;0,00312975068409851
"mcuenta_corriente__tend_12";0,00162265602565758;0,00246854757491853;0,00252166311948921
"ccomisiones_mantenimiento__tend_12";0,00160966693774831;0,00178145596596083;0,00271549103070842
"mcuenta_debitos_automaticos";0,00160141401594103;0,00482226308899216;0,00157152629978717
"pc_limite_saldo__tend_12";0,00159766970913937;0,00306428384253509;0,00329507449072666
"mprestamos_personales__tend_3";0,00159620119376078;0,00277596251493181;0,00133779264214047
"m_prestamos_totales__tend_3";0,00155069389349494;0,00215852600958329;0,00140810276679842
"m_invierte";0,00153312470315554;0,00621818081260365;0,000934934630586804
"mcuentas_saldo__tend_12";0,00152101453919134;0,00140585969905181;0,0020522955305564
"thomebanking__tend_12";0,00150277100064796;0,00114601448463943;0,00343949528732137
"pc_limite_saldo__tend_3";0,00150205090382448;0,00349718902775934;0,00264708117968988
"pc_limite_saldo_delta1";0,00150066956504883;0,00371308002691789;0,00291121921556704
"internet__tend_12";0,00149570439845434;0,00159350078748351;0,00310504712678626
"Visa_Finiciomora__max_3";0,00149287359108365;0,00036533893014659;0,000495971419884463
"mcomisiones_mantenimiento__tend_12";0,00144728330556745;0,00305552796806306;0,00258247187595014
"mcaja_ahorro_delta1";0,00144025834838395;0,00141432894305047;0,00224992398905442
"mpayroll__tend_3";0,00141647051594415;0,00437363303281231;0,00112306172088781
"m_adeuda__min_12";0,00139061238078556;0,000974367551775202;0,00111166007905138
"mprestamos_personales";0,00137607505131277;0,00148724715916276;0,000870325326847066
"mcaja_ahorro__tend_6";0,00137257979855252;0,000978964657078666;0,00199528732137428
"mcaja_ahorro__max_3";0,00134816015321693;0,00196368859218042;0,00149551535421101
"m_adeuda__tend_3";0,00133675088415251;0,0010423801096538;0,00130168744299179
"mpasivos_margen__tend_6";0,00133564957242097;0,00157967268930658;0,00195158102766798
"ctarjeta_visa_debitos_automaticos__tend_12";0,00131712433602231;0,00183928308482534;0,00230503192459714
"ctrx_quarter__min_6";0,00131455527082441;0,00279234839316276;0,00119717239282457
"mcaja_ahorro__tend_3";0,00129712798364017;0,00127029868396646;0,00187366980845242
"m_prestamos_totales__min_6";0,00129280595637011;0,000679069684781163;0,000857023411371237
"mdescubierto_preacordado__min_3";0,00128502506019846;0,000557243682182843;0,000155822438431134
"mcuenta_corriente_lag1";0,00127892916443536;0,00112392947388882;0,00162283368805108
"mv_delinquency__tend_12";0,0012776891997126;0,00121968343189692;0,00126748251748252
"mtarjeta_visa_consumo__tend_3";0,00127410812282654;0,00136994690088074;0,0012104743083004
"ccomisiones_otras__tend_12";0,00126295356064526;0,00125843578149411;0,00259767406506537
"fl_fidelizacion_alta";0,00126132322996404;0,00587148608450138;0,000587184554575859
"fl_fidelizacion_media__tend_12";0,00125854472769239;0,000321096643639363;0,00067649741562785
"ctarjeta_visa_transacciones__min_3";0,00124238056654495;0,00119303419952814;0,000589084828215263
"pc_comisiones_limite";0,00123198491315639;0,00144612930301851;0,0023316357555488
"mactivos_margen__min_6";0,0012239174473494;0,000891726104531222;0,00152021891152326
"cproductos";0,00121882742892975;0,0024243775534173;0,00128458498023715
"mv_Finiciomora__max_6";0,00121880874491288;0,000950833992086894;0,000693599878382487
"mv_msaldopesos";0,00120992749378216;0,0012671759486388;0,000480769230769231
"mcuenta_debitos_automaticos__tend_12";0,00117423378732424;0,0015414886285525;0,00214920948616601
"mpayroll__min_6";0,00117322365442283;0,00157969574178699;0,000469367588932806
"mrentabilidad_anual";0,00117217783512025;0,00351982314520331;0,0025178625722104
"mrentabilidad_anual__max_12";0,00117053776546678;0,00390374881569672;0,00199148677409547
"mpasivos_margen__tend_3";0,00116806238131384;0,00113343277418716;0,00179575858923685
"mactivos_margen";0,00116153166393213;0,00149598526401446;0,00230693219823655
"mcaja_ahorro_dolares_delta1";0,00114939210422356;0,00223973017987448;0,00207509881422925
"ctarjeta_visa__tend_12";0,00114678577287278;0,000117940840381718;0,000288841593189419
"mactivos_margen__tend_3";0,00114523668534408;0,0021075427935954;0,00236013986013986
"mactivos_margen__min_3";0,00114251611692681;0,00107721704065384;0,00184706597750076
"mactivos_margen_delta1";0,00114174283854466;0,00150567281465257;0,00259007297050775
"pc_comisiones_limite__tend_12";0,00112307528967217;0,00100649909339506;0,00257677105503192
"cproductos_delta1";0,00111375441366176;0,00103332486369288;0,00061568865916692
"cliente_edad";0,00111085942446712;0,00371505892415802;0,00242284889024019
"mrentabilidad__tend_3";0,00110202710918608;0,00218649892328753;0,00235063849194284
"mrentabilidad__tend_6";0,00110008525022852;0,00144493209956885;0,00234873821830344
"mpayroll__tend_6";0,00109106044308405;0,00140175695080072;0,00106985405898449
"mcuenta_corriente__min_6";0,0010843588773875;0,000914530968533544;0,00166273943447856
"mactivos_margen_lag1";0,00108111736167244;0,00113820559815259;0,00228222864092429
"mrentabilidad_anual_lag1";0,00107921800326489;0,00191339743086492;0,0022860291882031
"pc_comisiones_productos__max_12";0,00107885148450856;0,0010263998251254;0,00222141988446336
"ctarjeta_visa_transacciones__tend_12";0,00107661159150155;0,00137427983492889;0,00151451809060505
"Master_fultimo_cierre__tend_12";0,001062721156159;0,00113577299645728;0,00222141988446336
"mvr_msaldopesos2__min_12";0,00106119467914941;0,00110785378712224;0,00224422316813621
"mpagomiscuentas";0,00105974476927011;0,00333770306932927;0,0009330343569474
"mv_mpagominimo";0,00105857290102983;0,00187755960975637;0,000547278808148373
"cliente_edad__min_12";0,00105668265759299;0,00216756088686972;0,00238864396473092
"mactivos_margen__tend_6";0,0010538014196712;0,00148516783107965;0,00211120401337793
"Master_Fvencimiento";0,0010418332551827;0,00105748716848421;0,00232593493463059
"mv_Finiciomora_lag1";0,0010355570614432;0,00120185914668963;0,00105085132259045
"pc_comisiones_limite_delta1";0,00103514407721112;0,00290902100811472;0,00242854971115841
"Visa_msaldopesos";0,00103445558766474;0,0014119436610913;0,000621389480085132
"chomebanking_transacciones";0,00103215417387903;0,00275887879065778;0,00193257829127394
"mactivos_margen__min_12";0,00103118402928928;0,000759661156303743;0,00180906050471268
"ctarjeta_visa_transacciones__tend_6";0,00102895368223943;0,0013208138159495;0,0013510945576163
"m_adeuda_delta1";0,00102671923237809;0,0010278917669674;0,00104515050167224
"pc_comisiones_productos_delta1";0,00102570001642166;0,00117015048813264;0,00239434478564913
"mttarjeta_visa_debitos_automaticos_delta1";0,00102435707229271;0,00274466399842216;0,00219861660079051
"mrentabilidad__max_3";0,00102115804747816;0,000753014979297718;0,00155062328975372
"mpayroll_delta1";0,00101154993329849;0,0111666283485239;0,00118767102462755
"pc_comisiones_limite__max_12";0,00100990101140524;0,0010905756140459;0,00210360291882031
"mttarjeta_visa_debitos_automaticos__tend_12";0,00100742818053223;0,00160405452942301;0,00162283368805108
"Visa_Fvencimiento";0,00100677440916977;0,00110530340872247;0,00235443903922165
"m_adeuda__min_6";0,00100554443026718;0,00102364203090309;0,000917832167832168
"mrentabilidad";0,00100441386324522;0,00116943492897042;0,00202379142596534
"ccajas_depositos__tend_12";0,00100395685451398;0,00128712682516415;0,00219481605351171
"mcuenta_corriente__min_12";0,00100224117911549;0,00101389893960752;0,00176915475828519
"mcaja_ahorro__tend_12";0,00100193698162319;0,00200437873441112;0,00212450592885375
"mv_cconsumos__tend_12";0,000995790507748806;0,00151521911234698;0,00138910003040438
"m_adeuda__tend_6";0,000991178791384173;0,000913430353846785;0,00141950440863484
"mv_mpagominimo__tend_12";0,000987248323619543;0,00135493753258619;0,000895028884159319
"Visa_cconsumos__tend_12";0,000983939484579542;0,00134100357945324;0,0018185618729097
"Master_mfinanciacion_limite__min_12";0,000976547703720225;0,00163907675603461;0,00186226816661599
"mcuentas_saldo__max_3";0,000976040291616102;0,000850650793773625;0,00129788689571298
"cliente_edad__max_12";0,000974792074942776;0,0021853144326028;0,00211880510793554
"Master_Fvencimiento_lag1";0,000972842609778762;0,00101871111664306;0,00225372453633323
"mvr_Master_mlimitecompra__tend_12";0,000972587345917013;0,00171495831765288;0,00238674369109152
"mpasivos_margen_delta1";0,000968810898422385;0,00113743353781289;0,00194397993311037
"Master_Fvencimiento__tend_12";0,000967679047741504;0,00101315097702001;0,00223282152629979
"mvr_mpagominimo";0,000967396087296655;0,00165729423293599;0,00070880206749772
"tcallcenter__tend_12";0,00096650979434351;0,00122513571077216;0,00226132563089085
"mcomisiones_otras__max_12";0,000964983430235661;0,00110960083178057;0,00189837336576467
"pc_comisiones_limite_lag1";0,000963117512835995;0,00118401022696896;0,00205989662511402
"ctarjeta_visa_transacciones_delta1";0,000956541295652491;0,00224913485736753;0,00106415323806628
"cpayroll_trx__tend_6";0,000956170877671855;0,00150381587520404;0,0014936150805716
"mcuenta_corriente__min_3";0,000954624911597113;0,000968263051557696;0,00137959866220736
"mcuentas_saldo_lag1";0,000952961379998765;0,00140738633261678;0,00132449072666464
"mvr_msaldopesos2__tend_12";0,000946277203739012;0,00101562773438552;0,002050395256917
"cliente_edad_lag1";0,000943991242955636;0,00234959146487863;0,00204469443599878
"m_egresos__tend_3";0,000942991133599719;0,00107692365828977;0,00132259045302524
"mv_mpagospesos__max_3";0,000935394723016921;0,00041927704471443;0,000463666768014594
"cpayroll_trx__min_3";0,000934910123074222;0,00143725794013972;0,000262237762237762
"mcomisiones_otras_delta1";0,000931613764888172;0,00151321354655108;0,00209600182426269
"Master_Fvencimiento__max_12";0,000930528481937911;0,0008525399953945;0,00199908786865309
"mcomisiones__max_12";0,0009301171780917;0,00105047901668465;0,00180906050471268
"mrentabilidad_lag1";0,000928409732103322;0,00103304910969618;0,00199908786865309
"mpasivos_margen__min_3";0,000926545071333978;0,0010460085870211;0,0015867284889024
"ccallcenter_transacciones__tend_12";0,000926037867878661;0,00126237803815056;0,00220241714806932
"mrentabilidad_anual_delta1";0,000923855963182178;0,00128520784742274;0,00210740346609912
"mv_status05__tend_3";0,000922328716904782;0,000662787147203825;0,00041045910611128
"chomebanking_transacciones__tend_12";0,000922301602384031;0,00163500946227239;0,00205799635147461
"Visa_fultimo_cierre__tend_12";0,000922077594951229;0,00089642431869179;0,00207699908786865
"mactivos_margen__tend_12";0,000920960762546116;0,00114436465025696;0,00187176953481301
"pc_comisiones_productos";0,000920908758402033;0,000893873686036722;0,00188127090301003
"mdescubierto_preacordado__min_12";0,00091993076848752;0,000317759994853755;0,00011211614472484
"Visa_mpagospesos__tend_6";0,000919044330941351;0,00139913314912082;0,00189647309212527
"pc_limite_saldo__min_12";0,000913269579102646;0,00105252568708717;0,00211690483429614
"pc_comisiones_productos_lag1";0,000913182286306661;0,00115068286617829;0,00201429005776832
"mpagomiscuentas__tend_12";0,000911100322468395;0,00131768269019698;0,00170454545454545
"cpagomiscuentas__tend_12";0,000908703680973596;0,00133973772707294;0,00185656734569778
"mrentabilidad_anual__min_12";0,000901612414087442;0,00141771014301452;0,00197248403770143
"ccajas_consultas__tend_12";0,000900620363517387;0,00395975620113807;0,00212070538157495
"mcuentas_saldo__min_12";0,000899928695243351;0,00151255027922862;0,00167414107631499
"mcuenta_corriente__max_12";0,000899270714376275;0,00108470285340784;0,00207509881422925
"mcomisiones_mantenimiento_delta1";0,000898654358970959;0,00154481691516384;0,00188507145028884
"mcomisiones";0,000897874630328657;0,000809422449576818;0,00179575858923685
"mrentabilidad__min_12";0,000896459751631432;0,00117409904467038;0,0018204621465491
"Visa_mpagominimo__tend_12";0,000892120403169287;0,00456144506555648;0,00143660687138948
"cproductos__min_6";0,000891480623195361;0,0016270993539261;0,00103754940711462
"mv_fultimo_cierre__tend_6";0,000889932322587825;0,00076597832695329;0,00179765886287625
"Visa_fultimo_cierre_lag1";0,000888290551803279;0,00110852423009424;0,00195158102766798
"rt_invierte_adeuda";0,000887655923918923;0,00224891794934718;0,00105655214350867
"mvr_msaldopesos2_delta1";0,000887106075769381;0,00182705196417935;0,00189837336576467
"mcomisiones_lag1";0,000886798498854604;0,00495866102776896;0,00191737610215871
"mvr_msaldopesos2__max_12";0,000882011631815795;0,000978066683864945;0,00199908786865309
"mrentabilidad__min_3";0,00088177247363219;0,00107646611175452;0,00163803587716631
"mcomisiones_delta1";0,00087558381764158;0,00138595718753438;0,00211690483429614
"mv_Fvencimiento__max_12";0,00087538235771934;0,00105025750381833;0,00205799635147461
"mvr_msaldopesos2";0,000873691264780617;0,00154550512775616;0,00175015202189115
"pc_limite_saldo_lag1";0,000871977322753022;0,000725197189576253;0,00167604134995439
"Visa_Fvencimiento__tend_12";0,000871669940897949;0,000737925068574669;0,00193637883855275
"ccomisiones_otras_lag1";0,00087130831531517;0,000899195983953167;0,00184326543022195
"mvr_Master_mlimitecompra__max_12";0,00087063590798392;0,00150458087289656;0,00201619033140772
"ctrx_quarter__max_12";0,000870634519526849;0,00119520926885648;0,00151451809060505
"pc_limite_saldo__max_3";0,000868071386906683;0,000984989179879445;0,00163613560352691
"pc_egreso_principal__tend_6";0,000864857929170013;0,00122396317008647;0,00169504408634843
"Master_fechaalta";0,000864790997959213;0,000885251634603565;0,00181096077835208
"Visa_mpagominimo__tend_6";0,000861911314481007;0,00159059679646447;0,00113826391000304
"Visa_mfinanciacion_limite__min_12";0,000861107952920498;0,000780964812270959;0,00159242930982061
"Visa_Fvencimiento_lag1";0,000860520532102809;0,00123827130226729;0,00201238978412891
"mtarjeta_visa_consumo__tend_6";0,000859741269629015;0,000827274109604596;0,0012104743083004
"Master_fechaalta__tend_12";0,000853451384184311;0,000710090639256435;0,00181096077835208
"mvr_Visa_mlimitecompra__tend_12";0,000851008872441331;0,00135981383845818;0,00211500456065673
"mpayroll__tend_12";0,000850356356512363;0,00108259013312885;0,00114966555183946
"cproductos__min_3";0,000849447401825404;0,00160260372043821;0,00107745515354211
"Master_Fvencimiento__min_12";0,000848210253961271;0,000776716686490212;0,002050395256917
"mv_mpagospesos";0,00084207694042084;0,00114533799604144;0,000566281544542414
"pc_limite_saldo__min_6";0,000841777610120732;0,0006842620299894;0,00174635147461234
"Visa_mfinanciacion_limite__min_6";0,000840797079941911;0,000841991395062152;0,00148221343873518
"mv_status06__max_3";0,000840641820869491;1,4600328020168e-05;1,71024627546367e-05
"mcaja_ahorro_dolares__tend_12";0,00083489003553448;0,00194907783969301;0,00190027363940407
"mrentabilidad_delta1";0,000831967310286017;0,00104457258134481;0,00187747035573123
"Visa_fultimo_cierre";0,000829271668818474;0,000841555573229645;0,00183756460930374
"pc_egreso_principal_delta1";0,000828737836309931;0,00106598692311871;0,00171594709638188
"mpasivos_margen__max_3";0,000827412590052982;0,00107369752580732;0,00156012465795074
"Visa_cconsumos__max_12";0,000825665259678391;0,00118615331663085;0,00170264518090605
"chomebanking_transacciones_delta1";0,000825608661420718;0,0041475445033877;0,00186226816661599
"mrentabilidad__min_6";0,000824715525619531;0,000897180417448854;0,00163803587716631
"mcomisiones_otras";0,000820310049374147;0,000664567894814524;0,00175205229553056
"mrentabilidad_anual__tend_12";0,00081943518924357;0,00321357970060394;0,00176725448464579
"mvr_mpagospesos__max_6";0,000819090279701521;0,000663437956016651;0,000988142292490119
"ccuenta_debitos_automaticos__tend_12";0,000817613583808649;0,00234032982011638;0,00165893888719976
"cproductos__min_12";0,000815879675875589;0,0017293961765372;0,00118577075098814
"pc_comisiones_productos__tend_12";0,000814572058223622;0,00135300143498801;0,001961082395865
"Visa_mpagospesos__tend_12";0,000813614390323829;0,00131003539707774;0,00169694435998784
"Visa_Fvencimiento__max_12";0,000809639914815784;0,000936451673860041;0,00193827911219216
"ccomisiones_otras";0,00080873144262919;0,00116472377604021;0,00170644572818486
"mautoservicio";0,000807772005553083;0,00151408835428203;0,000758209182122226
"mv_status04__tend_3";0,00080542164202937;0,000686153576409141;0,000499771967163272
"Master_fultimo_cierre_lag1";0,000804559393008643;0,00121929922389004;0,00192877774399514
"mpasivos_margen_lag1";0,00080356870977645;0,000878700294823944;0,00173875038005473
"mv_Fvencimiento";0,000802018277774483;0,000949270830510679;0,001961082395865
"mvr_mpagospesos";0,00080109736398026;0,000948349183303593;0,000834220127698389
"pc_comisiones_limite__min_12";0,000800813222854451;0,00082535216555137;0,00187937062937063
"Visa_mpagospesos";0,000799551912296635;0,000790939106384792;0,00108885679537853
"mtransferencias_recibidas_delta1";0,000797700889873461;0,0008586688476195;0,0016798418972332
"mpasivos_margen__min_12";0,000796358855815353;0,000871715562762447;0,00167414107631499
"mrentabilidad__max_6";0,000796236186374918;0,00086882968037079;0,00165703861356035
"m_prestamos_totales__tend_6";0,000795621309713161;0,000823506724092455;0,00121997567649742
"mrentabilidad__tend_12";0,000793796075464586;0,00201770569539438;0,00179955913651566
"ccomisiones_otras__max_12";0,000793020374582029;0,000627180161655875;0,00165323806628154
"mactivos_margen__max_3";0,000789278111281983;0,00163914489645465;0,00162283368805108
"mpasivos_margen__min_6";0,000788922536963396;0,000991462491532964;0,00154492246883551
"pc_limite_saldo__min_3";0,000786062370850577;0,000622619330108355;0,00179385831559745
"Visa_mpagospesos__tend_3";0,000785918196570126;0,000935347188842623;0,00157342657342657
"Master_fultimo_cierre";0,000785420057743505;0,000763674717446173;0,00182996351474612
"pc_egreso_principal__tend_12";0,000783521809976946;0,00105691876663874;0,00162093341441168
"cliente_edad__tend_12";0,000782016386100655;0,00124391401836123;0,00170074490726665
"mcomisiones_otras__tend_12";0,000781897297450737;0,000896759568428379;0,00170074490726665
"mtarjeta_visa_consumo__min_3";0,000780563072413304;0,00104503973308023;0,000393356643356643
"mv_Fvencimiento_lag1";0,000780481499706387;0,000865497805934679;0,00182996351474612
"mvr_mpagospesos__tend_3";0,000779664075121594;0,000915997174089201;0,00155442383703253
"mvr_mpagospesos__tend_6";0,000778803829209195;0,00317190776566272;0,00166083916083916
"pc_comisiones_productos__min_12";0,000778161139272606;0,000805701479781978;0,00158102766798419
"mvr_msaldototal_delta1";0,000776407198560743;0,000822948577210699;0,00112306172088781
"Master_fechaalta_lag1";0,000776395100744908;0,00097074579804802;0,0016779416235938
"Visa_mfinanciacion_limite__tend_6";0,000775878963914158;0,00107865728391845;0,00178245667376102
"mv_fultimo_cierre__tend_12";0,000774411176986204;0,000841387934236056;0,00179575858923685
"mprestamos_personales__min_3";0,00077427361349184;0,000585599447865702;0,000706901793858316
"mv_mpagominimo__max_12";0,000773555078367773;0,00103771387515968;0,000602386743691092
"mprestamos_personales__tend_12";0,000772743965209893;0,000651116631240806;0,00124277896017026
"mcomisiones_otras_lag1";0,000772269519716877;0,0018206361707245;0,00173494983277592
"chomebanking_transacciones__max_12";0,000770637492118461;0,00114494011474961;0,00163613560352691
"Visa_msaldopesos__tend_6";0,000768418088234714;0,000729715616990074;0,00126748251748252
"mcomisiones_mantenimiento__min_12";0,000765638083606879;0,000707201875304727;0,00138719975676497
"Master_fechaalta__max_12";0,000764125703930933;0,000732221444211398;0,00159052903618121
"Visa_mfinanciacion_limite__tend_3";0,00076276056229182;0,00070670232014402;0,00167414107631499
"mv_mpagominimo__tend_6";0,000761180519513536;0,0014607218056256;0,000807616296746732
"mvr_msaldototal__tend_12";0,00076001697830049;0,00110381609997702;0,00152591973244147
"mvr_Master_mlimitecompra";0,000759236286253243;0,000907098690645213;0,00182616296746732
"mv_fultimo_cierre";0,00075899435045734;0,000585763725039231;0,00176535421100638
"chomebanking_transacciones_lag1";0,00075868693740967;0,000986688904801635;0,00167224080267559
"mvr_mpagospesos__tend_12";0,000757840281196952;0,00118090376398042;0,0016798418972332
"mcuenta_corriente__max_6";0,000756271868943957;0,00114146311703914;0,00174635147461234
"Visa_fechaalta__tend_12";0,000748195282306741;0,000541875361907751;0,00167414107631499
"mcomisiones_mantenimiento__max_12";0,000748158529173602;0,00117191405938538;0,00138339920948617
"pc_egreso_principal__tend_3";0,000747973487977517;0,0011046351410458;0,00152401945880207
"mautoservicio__tend_3";0,000744315836431046;0,000984520163605168;0,00148791425965339
"mvr_mpagominimo_delta1";0,000742057735773734;0,00142205321902403;0,00113066281544542
"mrentabilidad__max_12";0,000740531479306527;0,000801280997159322;0,00150311644876862
"mv_Fvencimiento__tend_12";0,000739808916996199;0,000661485190571109;0,00171784737002128
"mcomisiones__tend_12";0,000737605511823174;0,000887721216319535;0,0016323350562481
"mcomisiones_otras__min_12";0,00072947729066543;0,000954680309743978;0,00142710550319246
"mcuentas_saldo__max_12";0,000729102208281888;0,00110304677994443;0,00166653998175737
"mvr_msaldopesos2_lag1";0,000726627277930126;0,000922032997125477;0,00165893888719976
"mvr_Master_mlimitecompra_lag1";0,000726413449781403;0,00139041555419654;0,00175395256916996
"mvr_mconsumospesos_delta1";0,000725915952460098;0,00111940214753954;0,00127698388567954
"pc_egreso_principal__max_3";0,000721509708068948;0,000865367316465285;0,00130738826391
"pc_egreso_principal__max_6";0,000720675649401912;0,000770080171185536;0,00146701124961995
"mttarjeta_visa_debitos_automaticos";0,000716626686968228;0,00113419226301487;0,00157342657342657
"m_adeuda__max_3";0,000716236922620474;0,000726954489198297;0,000893128610519915
"matm__tend_12";0,000715051225711798;0,000706379980926486;0,00149551535421101
"ctarjeta_debito_transacciones__tend_6";0,000711739473243289;0,00407614998277916;0,00145941015506233
"Visa_Fvencimiento__min_12";0,000711422212460678;0,000934975721851268;0,00178815749467923
"Visa_mconsumototal__tend_12";0,000709381934250231;0,00112981822436011;0,00159242930982061
"mtarjeta_visa_consumo__tend_12";0,000704689241079471;0,0012123173733886;0,00114586500456066
"Visa_mpagospesos__max_3";0,000704387970205835;0,000793716393513328;0,00103754940711462
"mactivos_margen__max_12";0,000703047737364399;0,00127802086939645;0,00151451809060505
"m_egreso_principal__tend_6";0,000700966454078298;0,00164814626854283;0,00147081179689875
"m_adeuda__tend_12";0,000700436942006326;0,000703202072199013;0,00131878990574643
"pc_egreso_principal__max_12";0,000700371077751916;0,00074746029203829;0,00146701124961995
"Visa_mpagominimo__tend_3";0,000700101196804563;0,000749128856561098;0,00105655214350867
"mv_fechaalta__tend_12";0,00069952085221838;0,000681723884094556;0,00164373669808452
"Visa_mconsumosdolares__tend_12";0,000695909992186352;0,00074274617279626;0,00154872301611432
"catm_trx__tend_12";0,000694268668071824;0,000808658892664327;0,00143090605047127
"mcaja_ahorro__max_6";0,000693181520297924;0,00118857930768839;0,00144040741866829
"cextraccion_autoservicio__tend_12";0,000692866599309208;0,00108663903575779;0,00151071754332624
"Visa_fechaalta";0,000691765444363476;0,000649371564123688;0,00134919428397689
"m_adeuda__max_12";0,000690871883036414;0,000583763442103426;0,00119527211918516
"ccaja_ahorro";0,000689971142998569;0,00540150584363466;0,000541577987230161
"mcaja_ahorro__min_12";0,000689200249940038;0,000831760811607261;0,000900729705077531
"mvr_msaldopesos__tend_12";0,00068886035420287;0,000895104790192877;0,00142710550319246
"ctarjeta_debito_transacciones__tend_12";0,000688227252661328;0,00115875750595341;0,00160193067801763
"mcomisiones__min_12";0,00068810107356745;0,000591097718699415;0,00142140468227425
"mcheques_depositados__tend_12";0,000687268218620511;0,00213473500227978;0,0014442079659471
"mcaja_ahorro__max_12";0,0006859008538543;0,00101884739748315;0,00154872301611432
"mv_mpagospesos__tend_3";0,000684953662179148;0,00100879349321025;0,00129218607479477
"ccallcenter_transacciones_delta1";0,000684251045353231;0,000660761127981677;0,00141570386135604
"mautoservicio__tend_12";0,000682762105705057;0,00106584394688909;0,00144040741866829
"m_egreso_principal__tend_3";0,000681595134303644;0,00120932718982331;0,00110215871085436
"mv_fultimo_cierre_lag1";0,00068026610451676;0,00184120087604202;0,00165703861356035
"Master_mlimitecompra__min_12";0,000677388450178115;0,000623534875188272;0,00145370933414412
"Master_mfinanciacion_limite";0,000676821975152294;0,000871325817640176;0,00141380358771663
"Master_mpagospesos__tend_12";0,000671668779056017;0,000777737295509657;0,00149741562785041
"Master_mpagospesos__min_12";0,000666204783009354;0,000659261078220709;0,00157342657342657
"mv_status07__tend_6";0,000665255270614916;0,000305420759204649;0,000425661295226513
"Master_fechaalta__min_12";0,000664759983280422;0,000768021918041635;0,00148601398601399
"mvr_mconsumospesos__tend_12";0,000664529707980634;0,000753987505815126;0,00142140468227425
"mpasivos_margen__max_6";0,000664140600023872;0,001085253965893;0,0014005016722408
"mv_mpagospesos__tend_6";0,000663477963356165;0,000705702475307299;0,00105085132259045
"Master_mconsumototal__tend_12";0,000661650516452827;0,00108895716606752;0,00155632411067194
"ccomisiones_otras_delta1";0,000661488563663401;0,00156647350573619;0,00136629674673153
"pc_limite_saldo__max_12";0,000661254241205114;0,00063912518858969;0,00150121617512922
"mcaja_ahorro_dolares";0,000660849039463789;0,00179798761722969;0,00133209182122226
"mv_status01__tend_6";0,000660077051921589;0,000683808805794228;0,000687899057464275
"ctransferencias_recibidas__tend_12";0,000658065664140422;0,00127867679156584;0,00142330495591365
"mvr_mpagospesos__max_3";0,000657660558495237;0,000807055926008575;0,000990042566129523
"mvr_mpagospesos_delta1";0,000656642435326951;0,000915789136753713;0,00150121617512922
"mautoservicio__tend_6";0,000651561401996118;0,000702680255574379;0,00145750988142292
"mpagomiscuentas_delta1";0,000650465037320785;0,000553488557426215;0,00125038005472788
"m_prestamos_totales__min_12";0,000650312953011496;0,000448377043907082;0,000699300699300699
"mpayroll__min_12";0,000648652264427671;0,00117405019940244;0,000438963210702341
"m_invierte_delta1";0,000647725549508455;0,00734884098926001;0,00083041958041958
"cpayroll_trx__min_6";0,000647714643219926;0,000649175872295479;0,000188127090301003
"Visa_mfinanciacion_limite__tend_12";0,000647388237445915;0,000821111723930761;0,00139670112496199
"Visa_mconsumototal__max_12";0,00064717257065439;0,000575336941245534;0,00142900577683186
"cliente_antiguedad";0,000646145807809799;0,00177013036143575;0,00138339920948617
"cpagomiscuentas";0,000643825738656533;0,00152050372397804;0,000659394952873214
"mcuenta_debitos_automaticos_delta1";0,000643740801238275;0,00294469689684861;0,00126178169656431
"mv_fechaalta";0,000642715916931095;0,000646279791441286;0,0012579811492855
"mv_Fvencimiento__min_12";0,000641548258394906;0,000898954243665311;0,00161523259349346
"ccallcenter_transacciones__max_12";0,000641190599757528;0,000957895537499178;0,00134349346305868
"ctarjeta_debito_transacciones__tend_3";0,00064089579674754;0,00298579729412901;0,00136629674673153
"mvr_msaldopesos_delta1";0,000639385221330231;0,00151609459809206;0,00120857403466099
"mcuentas_saldo__max_6";0,000637322053862027;0,000780563032397884;0,00117436910915172
"m_egresos__tend_6";0,00063682651546577;0,00144620549485635;0,00110595925813317
"Master_cconsumos__tend_12";0,00063674636131142;0,00135852473584334;0,00142900577683186
"Master_mlimitecompra_delta1";0,000634380575878231;0,000519419223172848;0,00129788689571298
"pc_limite_saldo__max_6";0,000633730588419726;0,000942164649168185;0,00137199756764974
"mpasivos_margen__max_12";0,000632840992093202;0,000936158376247732;0,00141760413499544
"nu_prestamos_totales__tend_12";0,000632206865335006;0,000446789078313951;0,00129598662207358
"Visa_mpagospesos_delta1";0,000632023570276098;0,00084470223680597;0,00132829127394345
"mvr_msaldodolares2__max_12";0,000630295908716804;0,000694756219687833;0,00133399209486166
"cpayroll_trx__min_12";0,000629912150278059;0,000486211362372548;0,000125418060200669
"mvr_mconsumosdolares__tend_12";0,000628712064805088;0,000769685595212591;0,00141570386135604
"cproductos__max_12";0,000627665818231253;0,000421793465906532;0,00114776527820006
"m_egresos__tend_12";0,000625513103747104;0,000805313457945621;0,0011648677409547
"m_prestamos_totales__tend_12";0,000624404999235251;0,000756508079843774;0,00126368197020371
"Master_mpagominimo__tend_12";0,000624290053017146;0,000671928670462752;0,00112496199452721
"Visa_msaldopesos__tend_12";0,000623996819710427;0,00116018907628727;0,00115916692003649
"mextraccion_autoservicio__tend_12";0,000622996726337287;0,00071399752617578;0,00139290057768319
"catm_trx_other__tend_12";0,000622229429952315;0,000638689536260716;0,00145941015506233
"mttarjeta_visa_debitos_automaticos__max_12";0,000622020968999907;0,00135301838534125;0,00096533900881727
"Visa_mpagospesos__max_6";0,000617922510621155;0,000828609091175551;0,00106795378534509
"mcaja_ahorro_dolares__min_12";0,00061766002541126;0,000456419365008686;0,00125228032836728
"mautoservicio_delta1";0,000615383526856229;0,00175034650239103;0,00125228032836728
"Master_mlimitecompra_lag1";0,000615242138341537;0,000632651566179695;0,00123707813925205
"Master_mpagospesos_delta1";0,000614191765966954;0,000890285324505432;0,00113636363636364
"mvr_mpagominimo__tend_12";0,00061367843721801;0,000823549580235575;0,00121617512921861
"ctransferencias_emitidas__tend_12";0,000613489650342;0,000893628131919386;0,00147081179689875
"Master_mfinanciacion_limite_delta1";0,000613139596614502;0,000657649579887157;0,00135869565217391
"cpayroll_trx__tend_12";0,00061286503186549;0,000716073464188233;0,0011667680145941
"Visa_msaldototal";0,000610983743571579;0,000811551357443161;0,000613788385527516
"Master_mfinanciacion_limite__tend_12";0,000609088829199092;0,000753576290245413;0,00130358771663119
"Visa_mlimitecompra__tend_12";0,000607497622562708;0,000893427750493446;0,00132829127394345
"mv_mpagominimo_delta1";0,000604623193254402;0,00101262856713301;0,000748707813925205
"m_adeuda__max_6";0,000604320668543067;0,00053642867664908;0,000991942839768927
"Master_msaldototal__tend_12";0,000601495844416255;0,000708189657140055;0,00125038005472788
"mv_fechaalta__max_12";0,000599535919135048;0,000545128699707162;0,00111166007905138
"Visa_mlimitecompra__min_12";0,000598284293916181;0,000644040169517668;0,00137199756764974
"m_egreso_principal__tend_12";0,000597397139912698;0,000720892280112137;0,00115156582547887
"mcomisiones_mantenimiento";0,000596496093858266;0,00111767939838753;0,00101094557616297
"pc_egreso_principal__min_3";0,000593402895603492;0,00113480239097991;0,000971039829735482
"m_invierte__tend_12";0,000589704832289009;0,000771748085944804;0,00117436910915172
"Visa_mpagospesos__min_12";0,000589597703444512;0,000780144330422154;0,00135869565217391
"ctrx_quarter__max_3";0,000589046788712594;0,000946008876281702;0,00106985405898449
"cliente_antiguedad__max_12";0,000589027425240662;0,00124366753197447;0,00127318333840073
"Visa_delinquency";0,000588583431178183;0,000166334155396189;6,08087564609304e-05
"Master_mfinanciacion_limite__max_12";0,000588278323689848;0,000602882734298601;0,0012142748555792
"m_egreso_principal_delta1";0,000587968165494118;0,00104465507306393;0,00114016418364244
"mactivos_margen__max_6";0,000587167442687733;0,000678106791714516;0,0012579811492855
"matm_delta1";0,000586534333641017;0,000589071755978445;0,00125038005472788
"Master_mlimitecompra";0,000586261038887021;0,000494047595429286;0,00113256308908483
"mprestamos_personales__min_12";0,000585629705499493;0,000221720084386415;0,00062519002736394
"Visa_msaldopesos__tend_3";0,000585578441849226;0,000579377848957866;0,00105845241714807
"Master_Finiciomora";0,000585329890804027;0,000748278824596471;0,00046176649437519
"m_egresos_delta1";0,000584756584150524;0,00106948680380606;0,00115346609911827
"Master_mlimitecompra__tend_12";0,000584389953863822;0,000654788303758294;0,00131308908482822
"Visa_fechaalta_lag1";0,000584027517373243;0,000620502400491638;0,00122567649741563
"Visa_fechaalta__min_12";0,000583019945481332;0,000540501818283165;0,00121617512921861
"m_adeuda_lag1";0,000583005290321311;0,00075932195148473;0,00077911219215567
"mvr_Master_mlimitecompra__min_12";0,000582694678523875;0,000554435065151392;0,00138910003040438
"mvr_msaldodolares2__tend_12";0,000581468513720459;0,000727044184817549;0,00138719975676497
"Visa_fechaalta__max_12";0,000580602643640593;0,000656873197207378;0,00124467923380967
"mv_mpagominimo__max_6";0,000579847984321901;0,00104696972855124;0,000484569778048039
"ctrx_quarter__min_12";0,000579564847617682;0,00136242927796382;0,00110595925813317
"m_egreso_principal__max_12";0,000578776515578233;0,000635884478803447;0,00122947704469444
"ctrx_quarter_lag1";0,000578658697347212;0,00159927258051741;0,00101094557616297
"Visa_mlimitecompra_delta1";0,000578446900681857;0,000454978104722887;0,00137769838856795
"mforex_sell__tend_12";0,000576615360840957;0,000622551302690666;0,00128078443295835
"m_egresos__max_12";0,000573909052103463;0,000927043691048109;0,00117816965643053
"Visa_mpagado__tend_12";0,000573781259746391;0,000744929011036509;0,00125608087564609
"Visa_delinquency__tend_12";0,000573515938952344;0,000731834750152712;0,0010261477652782
"Visa_mpagospesos_lag1";0,000571920093595209;0,00121014072202728;0,00109835816357555
"Visa_cconsumos_delta1";0,000571255774521963;0,00143928975073256;0,00116866828823351
"mv_msaldototal";0,000570143144216037;0,000733271462093723;0,000486470051687443
"mv_delinquency_delta1";0,000570060195444312;0,000433637694739719;0,000212830647613256
"Visa_msaldototal__tend_6";0,000567888354212869;0,000591206568217834;0,00108885679537853
"Visa_msaldototal__tend_3";0,000567187914261238;0,000652336435161464;0,000999543934326543
"mtransferencias_emitidas_delta1";0,000566999027873113;0,00350766335729389;0,00119337184554576
"Visa_mconsumototal";0,000565996015810364;0,00102035032880417;0,00112306172088781
"matm_other__tend_12";0,000564742176565356;0,000777543213965006;0,00136249619945272
"Master_mfinanciacion_limite_lag1";0,000564692830050534;0,000593956198019993;0,00117626938279112
"cliente_antiguedad__min_12";0,000563687625429932;0,00104227832278256;0,00114776527820006
"ctarjeta_debito_transacciones_delta1";0,000562789840011779;0,00227030446429117;0,00113826391000304
"mvr_mconsumospesos__max_12";0,000562219025724117;0,000489148547833358;0,00120857403466099
"mpayroll__max_3";0,000560387418785471;0,00116151222086154;0,0005130738826391
"mvr_Visa_mlimitecompra_delta1";0,00056004102057608;0,00106467510703052;0,00125418060200669
"Visa_mfinanciacion_limite";0,000558944560078882;0,000611555778044436;0,00109075706901794
"mcuenta_debitos_automaticos_lag1";0,000558400441418576;0,000753220897839051;0,00112496199452721
"mv_mpagominimo__tend_3";0,000558200936057911;0,00102239137733953;0,000817117664943752
"mpayroll_lag1";0,00055769006032875;0,0009320856018713;0,000440863484341745
"mcuenta_debitos_automaticos__min_12";0,000555951298293917;0,000930678157540225;0,00103374885983582
"cproductos_lag1";0,000555765252551572;0,000463480684416259;0,000982441471571906
"Visa_mpagominimo__max_12";0,000554352838044622;0,00104052164467347;0,00076010945576163
"Visa_mpagominimo_delta1";0,000553838251618122;0,000543836574279327;0,000938735177865613
"Visa_mfinanciacion_limite_lag1";0,000552891801907899;0,000944229343446319;0,0011211614472484
"mv_fechaalta_lag1";0,000552638711454591;0,000582065327464795;0,00113066281544542
"Visa_mfinanciacion_limite_delta1";0,000552536745969891;0,000584175307436681;0,00126558224384311
"Visa_delinquency__tend_6";0,000552226002021562;0,000364333576445065;0,000860823958650046
"mv_mpagospesos__tend_12";0,000552102910496161;0,000818363563159216;0,00114206445728185
"ctrx_quarter__max_6";0,000550437511082078;0,000721526025569363;0,0011648677409547
"cliente_antiguedad_lag1";0,000550377825156191;0,000861907325609233;0,00120287321374278
"Visa_msaldototal__tend_12";0,000549407355275776;0,00080759209393229;0,00110785953177258
"mvr_mconsumototal_delta1";0,000548441736779314;0,00068633915452658;0,0010261477652782
"Visa_mconsumosdolares__min_12";0,000544667311941373;0,000631137560627889;0,000967239282456674
"Visa_mconsumospesos__tend_12";0,000544274549738145;0,000678927414816264;0,00108695652173913
"Visa_mconsumototal_delta1";0,000543410607340861;0,000846766224819386;0,00110025843721496
"Visa_mconsumototal__min_12";0,000542898424340159;0,000487891396634385;0,00120287321374278
"Master_msaldopesos__tend_12";0,000541366804391822;0,000507421480640442;0,00116866828823351
"mvr_Visa_mlimitecompra__min_12";0,000540306188178697;0,000630148112007825;0,00128838552751596
"fl_fidelizacion_media_delta1";0,000540224831550957;8,24208948976789e-05;0,000119717239282457
"cseguro_vida__tend_12";0,000538813383815058;0,00120950872810656;0,00119337184554576
"mv_fechaalta__min_12";0,000536366793297102;0,000679719843830448;0,00110025843721496
"mv_Finiciomora__min_6";0,000534661478379011;0,000517190703730604;0,000528276071754333
"Master_mpagospesos_lag1";0,00053277132305939;0,00129045316248487;0,00110215871085436
"mcaja_ahorro_dolares_lag1";0,000532614646207361;0,000773974543094069;0,000986242018850714
"mvr_Visa_mlimitecompra";0,000528162094397916;0,00081713474730075;0,00124657950744907
"Visa_mfinanciacion_limite__min_3";0,00052777492150424;0,000467078707648899;0,00112686226816662
"mv_status01__max_6";0,000523999004233902;0,000507374697665487;8,17117664943752e-05
"cproductos__max_6";0,000523496500313681;0,000324411765476351;0,000902629978716935
"m_egreso_principal__max_6";0,000520565999930028;0,00155377955569486;0,000967239282456674
"mv_mpagospesos_delta1";0,000519719285221838;0,000578777467445942;0,00104515050167224
"mcaja_ahorro_dolares__max_12";0,000519132829554482;0,000953803863478878;0,00114396473092125
"ccallcenter_transacciones";0,000519001341809628;0,00309637572032835;0,000893128610519915
"mv_mfinanciacion_limite_delta1";0,000518360120942155;0,000755130016124989;0,00124277896017026
"Visa_mpagospesos__min_3";0,000517994938380953;0,000694242539232756;0,00115346609911827
"mv_mlimitecompra_delta1";0,000517208769327479;0,000435152434806833;0,00125418060200669
"mvr_mpagado__tend_12";0,000517065123675535;0,000655663224491602;0,00125038005472788
"mtransferencias_recibidas__max_12";0,000515057332518059;0,00152813988636532;0,0011211614472484
"mv_mpagado__tend_12";0,000514944215841798;0,000751211348710139;0,00118577075098814
"Visa_mconsumospesos__max_12";0,000514929199760234;0,000424505720179787;0,00110975980541198
"Visa_mpagominimo__max_6";0,000513439077261831;0,00122340346942233;0,000589084828215263
"mvr_msaldopesos__max_12";0,000512994277876796;0,000400136677580055;0,00100144420796595
"m_egresos__max_6";0,000512992104019541;0,000960213074546544;0,000988142292490119
"cliente_antiguedad__min_6";0,000512019241235532;0,00111381898368666;0,00100714502888416
"mtransferencias_recibidas__tend_12";0,000510509762895041;0,000916812062321435;0,00110785953177258
"mvr_mpagospesos__min_6";0,000506712664080629;0,000464644184913556;0,00109075706901794
"mtransferencias_emitidas__tend_12";0,000502441450100565;0,000582860977046096;0,00112876254180602
"mtarjeta_visa_consumo_delta1";0,000502347355448249;0,000552235276557899;0,000887427789601703
"mv_status01__tend_12";0,000499439592598167;0,000725240893237035;0,000712602614776528
"mvr_mpagominimo__max_12";0,000497820054081965;0,000648570377426994;0,000997643660687139
"mttarjeta_visa_debitos_automaticos_lag1";0,000497800388059291;0,000960548070027834;0,00105085132259045
"Visa_mpagospesos__min_6";0,000496027657933989;0,000726536521737874;0,00113066281544542
"mv_mconsumototal_delta1";0,000495669815207923;0,000838402779275563;0,00096533900881727
"mvr_mconsumototal__tend_12";0,000495582186424526;0,000590766791302903;0,00106415323806628
"mpayroll__max_6";0,000493421825789446;0,00238819555538611;0,000571982365460626
"mv_msaldototal__tend_12";0,000492719952823452;0,00059870201442259;0,000819017938583156
"Master_mpagospesos";0,000489333448279757;0,000778377114843463;0,00105465186986926
"mvr_mpagospesos__min_12";0,000488526079330688;0,000920391129409029;0,00107935542718151
"mprestamos_personales__min_6";0,000488226237681426;0,000505808287271566;0,000682198236546063
"Visa_mconsumosdolares_delta1";0,000488116360048487;0,000988308991314164;0,00104515050167224
"Visa_status__tend_3";0,000487708464473543;0,00017342581593607;0,000269838856795379
"mv_Finiciomora__max_12";0,000487528017391049;0,000634800079954624;0,00103184858619641
"Visa_msaldopesos_delta1";0,000486766364322957;0,000580288337182399;0,000990042566129523
"mvr_mpagospesos__min_3";0,000485575259824674;0,000916437290011197;0,000946336272423229
"mv_status05__tend_12";0,000484593331813549;0,000321707788625597;0,000457965947096382
"mpagomiscuentas_lag1";0,0004822948697053;0,000686452213382722;0,000815217391304348
"cproductos__max_3";0,00047938992752876;0,000314187481902749;0,000887427789601703
"mv_msaldopesos__tend_12";0,000479336390883133;0,000527324387666114;0,000868425053207662
"Master_mpagominimo_delta1";0,000478581254125706;0,000622159523526006;0,000849422316813621
"cpagomiscuentas_delta1";0,000477531002980866;0,000291779086662817;0,000843721495895409
"fl_fidelizacion_media";0,000477378770537907;4,44608895629044e-05;4,37062937062937e-05
"mvr_msaldototal__max_12";0,000475674398853049;0,000418859614015193;0,000978640924293098
"mv_mfinanciacion_limite__min_12";0,00047442515364683;0,00048021664394289;0,000927333536029188
"Master_mconsumototal__max_12";0,000473554914758178;0,000532168403115174;0,00114586500456066
"mcuenta_debitos_automaticos__max_12";0,000473419380951926;0,000807845529963886;0,00109265734265734
"Visa_mconsumosdolares__max_12";0,000472683332543232;0,000471929135981603;0,000969139556096078
"ctarjeta_visa_transacciones__max_12";0,000470219345257841;0,000996226557815887;0,000788613560352691
"fl_fidelizacion_alta_lag1";0,000469565675651577;0,00041387654916835;0,000231833384007297
"Visa_cconsumos";0,000468534787056106;0,000529713991965358;0,000860823958650046
"mvr_mpagospesos_lag1";0,000468269486334034;0,000809745353806127;0,000959638187899057
"mv_Finiciomora__tend_12";0,000468250208585644;0,000494690437576087;0,00108505624809973
"mv_fultimo_cierre__tend_3";0,000468093927213863;0,000891538520621982;0,00106985405898449
"ccomisiones_mantenimiento_delta1";0,0004652009090872;0,0019950826521812;0,000739206445728185
"mvr_mconsumospesos__min_12";0,000464223073864033;0,000717802032961528;0,00112876254180602
"Visa_mlimitecompra_lag1";0,000463247970075155;0,000667040132085836;0,0010261477652782
"cprestamos_personales__tend_12";0,000462963197392748;0,000425907373140171;0,00104705077531164
"mautoservicio__max_12";0,000461728636469615;0,00100820703923857;0,00101284584980237
"ccajas_consultas_delta1";0,000460865242623209;0,000580756788444902;0,000953937366980845
"cliente_antiguedad__min_3";0,000459614293019548;0,000826203666546612;0,000988142292490119
"mtransferencias_recibidas_lag1";0,000459360760758377;0,0022462017399915;0,000915931894192764
"mvr_mconsumospesos";0,0004588574369042;0,000701187663968838;0,000898829431438127
"cplazo_fijo__tend_12";0,000458648067701146;0,000364917826870817;0,00105845241714807
"mvr_Visa_mlimitecompra_lag1";0,000456441597350493;0,000473164873234311;0,00106795378534509
"m_egreso_principal__max_3";0,000455674588530851;0,000759451084925865;0,000822818485861964
"mvr_Visa_mlimitecompra__max_12";0,00045480139594507;0,000549402759528373;0,0010717543326239
"m_egresos__max_3";0,000454757969840123;0,00143812851028236;0,00083041958041958
"mdescubierto_preacordado_delta1";0,000450564158508146;0,0011441946664645;0,000197628458498024
"pc_egreso_principal_lag1";0,000449710132265059;0,000677637973194359;0,00100714502888416
"pc_egreso_principal__min_12";0,000448827483310453;0,000654803248319738;0,000990042566129523
"ctarjeta_visa__min_3";0,000448545309861573;3,08647569701232e-05;2,85041045910611e-05
"Visa_Finiciomora__max_12";0,000447530716643113;0,000414596854429478;0,000879826695044086
"mv_mfinanciacion_limite__tend_12";0,000446776632529883;0,000759637934319798;0,00100714502888416
"mvr_mpagado__max_12";0,0004440705648805;0,00158190688711716;0,000980541197932502
"Master_mconsumototal_delta1";0,000444048518446231;0,000476357133260864;0,00092353298875038
"mv_cconsumos_delta1";0,000443681821735005;0,00186081743510022;0,000904530252356339
"rt_invierte_adeuda__max_12";0,000441982772863709;0,000456731760018983;0,000919732441471572
"ctarjeta_master_transacciones__tend_12";0,000441895046712532;0,000632971362844243;0,000889328063241107
"ccomisiones_otras__min_12";0,000441536042604523;0,000540314008369215;0,000858923685010642
"mvr_msaldodolares2_delta1";0,000440408190186311;0,00108616230707279;0,000978640924293098
"Visa_msaldototal_delta1";0,000440184851736238;0,000575103591382533;0,000904530252356339
"mv_mlimitecompra__min_12";0,000440153077749538;0,000367336614028231;0,000904530252356339
"mtransferencias_emitidas__max_12";0,00044004881338785;0,000700924989994724;0,000940635451505017
"mv_fultimo_cierre__max_12";0,000439745886065106;0,000596145901153306;0,000929233809668592
"mvr_msaldodolares2__min_12";0,000438033223607233;0,000718578217887186;0,0010280480389176
"mcomisiones_mantenimiento_lag1";0,000437919578776214;0,000732432617362237;0,000896929157798723
"Visa_mconsumospesos_delta1";0,000437854617012666;0,000791692803841812;0,000828519306780176
"mtransferencias_recibidas";0,000437840385982209;0,000632823386260418;0,000819017938583156
"ctarjeta_visa_debitos_automaticos";0,000437599640192631;0,00056474717980539;0,000934934630586804
"mvr_msaldopesos";0,000434390859774746;0,000494414994335862;0,000689799331103679
"mv_mconsumototal__tend_12";0,000434251868552056;0,00104447477780658;0,00086272423228945
"mvr_msaldototal";0,000432402897484752;0,000409464372218784;0,000655594405594406
"matm_other__max_12";0,000431402577385562;0,00130781636983331;0,00100524475524476
"Master_mconsumospesos__tend_12";0,000428572831111735;0,000528378247628507;0,00100334448160535
"ccajas_consultas__max_12";0,000428567687175626;0,000618488981032069;0,000858923685010642
"Visa_status";0,000426593470199222;8,24846564764673e-05;0,000108315597446032
"Visa_mpagominimo__min_6";0,000424711307191071;0,000556008114433667;0,00067649741562785
"rt_invierte_adeuda__tend_12";0,000424377508447291;0,000686259968126339;0,000980541197932502
"Master_cconsumos__max_12";0,000424194519853784;0,000714167142710581;0,000919732441471572
"mvr_mpagospesos__max_12";0,000423986503576664;0,000590942029704863;0,000877926421404682
"Master_msaldopesos_delta1";0,000423844449570022;0,000498106272761936;0,000786713286713287
"Visa_mpagominimo__max_3";0,000421500540270989;0,000592549488204225;0,000558680449984798
"mv_status05_delta1";0,000421446345763257;0,000365474363469014;0,000450364852538766
"Visa_mlimitecompra";0,000420681705012815;0,00048746899383153;0,000879826695044086
"rt_invierte_adeuda_delta1";0,00042004885498185;0,000524768020141532;0,000741106719367589
"mvr_mconsumototal__min_12";0,000419062787007391;0,000520640609126475;0,000953937366980845
"mpagomiscuentas__max_12";0,000418521973889733;0,00188451298366436;0,000919732441471572
"mv_mpagospesos__max_6";0,000417598100613662;0,000398502607026099;0,000391456369717239
"ctarjeta_debito_transacciones";0,000415042736496208;0,000625296638403337;0,000628990574642749
"matm__max_12";0,000414628845584327;0,00045754074387817;0,00100524475524476
"ctarjeta_visa_debitos_automaticos_delta1";0,000413244351893114;0,000478233170107386;0,00091403162055336
"mcheques_depositados__max_12";0,000412274206505477;0,00105370449940356;0,000857023411371237
"ctarjeta_visa_debitos_automaticos__max_12";0,000410677304714156;0,000459014096832778;0,00076961082395865
"cpayroll_trx__tend_3";0,000410458413191501;0,000778623375225518;0,000494071146245059
"Visa_mfinanciacion_limite__max_3";0,000410428706144504;0,00039625984928713;0,000819017938583156
"mvr_mconsumosdolares_delta1";0,000407460921381123;0,000984420580279856;0,000915931894192764
"Master_mlimitecompra__max_12";0,000407348391330156;0,000534662704096293;0,00088172696868349
"cprestamos_personales";0,000406456890509791;0,00147125766494243;0,000539677713590757
"ctarjeta_debito_transacciones__max_12";0,000406436133843304;0,000676935352801783;0,000910231073274552
"mv_mpagominimo__max_3";0,000403425657908479;0,000709518254077955;0,000378154454241411
"cextraccion_autoservicio_delta1";0,000402703528379859;0,00068349576102039;0,000845621769534813
"ctransferencias_recibidas_delta1";0,000401200906426643;0,000514285413184482;0,000967239282456674
"Visa_cconsumos_lag1";0,000400969286129974;0,00231456313613987;0,000864624505928854
"Master_msaldopesos";0,00040078223825998;0,00057463336033294;0,000800015202189115
"Visa_mpagospesos__max_12";0,000400611854143844;0,000595544728624898;0,000896929157798723
"ctarjeta_visa_debitos_automaticos_lag1";0,00039916008709569;0,000570208753124328;0,000879826695044086
"cpayroll_trx_lag1";0,000396784147935907;0,000294278585752264;0,000201429005776832
"Visa_mpagado_delta1";0,000395760355992995;0,00123967982012074;0,00082091821222256
"Visa_mfinanciacion_limite__max_6";0,000395728810103723;0,000607860375032406;0,000866524779568258
"Master_msaldototal__min_12";0,00039397491786381;0,000348333205748072;0,000891228336880511
"mvr_mconsumosdolares";0,000392915891625401;0,00115539238057435;0,000741106719367589
"Visa_mconsumospesos__min_12";0,000392230286010455;0,000312126064692908;0,00087222560048647
"mv_fultimo_cierre__min_3";0,000388984572160733;0,000462695600555147;0,000858923685010642
"Master_mpagospesos__max_12";0,000387009076761577;0,000542003930337112;0,00088172696868349
"Master_mconsumototal";0,000386729310528482;0,000802725054253406;0,000782912739434479
"ctransferencias_emitidas__max_12";0,00038658619245781;0,00102884830365158;0,000828519306780176
"Visa_mconsumototal_lag1";0,000385862427848632;0,000494064715286063;0,000858923685010642
"Master_msaldopesos__min_12";0,000384421890983364;0,000382279282682762;0,000860823958650046
"matm_other_delta1";0,00038432732756939;0,00138851508059075;0,000843721495895409
"Visa_Finiciomora__tend_3";0,000381567177391455;0,000120079607703531;0,000328747339616905
"mautoservicio__max_6";0,000380984171460825;0,00100697568082712;0,00082091821222256
"cextraccion_autoservicio__max_12";0,000380325383924751;0,00245557871839815;0,00091403162055336
"Visa_Finiciomora_lag1";0,00038010622104395;0,000351509730196696;0,000763910003040438
"Visa_msaldopesos__max_12";0,000378961626478973;0,000551053610932041;0,000729705077531165
"mcheques_emitidos_rechazados__tend_12";0,000378811665934271;0,00360899909487603;0,00047126786257221
"mplazo_fijo_dolares__tend_12";0,000378708771029847;0,000465513709784415;0,000832319854058985
"ccajas_depositos_delta1";0,000378661109688252;0,000385813685589557;0,000756308908482822
"Visa_mlimitecompra__max_12";0,000378384509117332;0,000362094350029689;0,000796214654910307
"mextraccion_autoservicio_delta1";0,000377914418021175;0,00044344084678696;0,00086272423228945
"mvr_mconsumospesos_lag1";0,00037751428157371;0,000454836823528594;0,000874125874125874
"ctarjeta_debito_transacciones__max_6";0,000377004659707182;0,000459498905186162;0,000847522043174217
"fl_fidelizacion_alta__min_12";0,000375895914861917;0,000817222521879968;0,000338248707813925
"Visa_msaldopesos__min_3";0,000375821686253873;0,00057991133307565;0,00056438127090301
"Visa_mconsumosdolares";0,000375704293823002;0,000434824699726849;0,00070880206749772
"m_invierte__max_12";0,000375640685334466;0,000306135047090376;0,000781012465795074
"mextraccion_autoservicio__max_12";0,000374376192109399;0,000469791696437461;0,000834220127698389
"mvr_mpagado_delta1";0,000374125012183992;0,000993816189333919;0,000843721495895409
"mvr_mconsumosdolares__max_12";0,0003734223179376;0,000500516273986251;0,000819017938583156
"rt_invierte_adeuda_lag1";0,000372623397619527;0,000684745115056871;0,000680297962906659
"Visa_mfinanciacion_limite__max_12";0,000372290557642943;0,000478044879933427;0,000788613560352691
"mv_mpagospesos_lag1";0,000370007744294892;0,00151155311819783;0,000551079355427182
"mv_mlimitecompra__tend_12";0,000369713069870217;0,000540902778889166;0,000824718759501368
"mvr_msaldopesos__min_12";0,000368495012723559;0,000629997112611004;0,000801915475828519
"mv_mconsumosdolares__tend_12";0,000367709049850412;0,000444141404886558;0,00086272423228945
"mv_status05__tend_6";0,000366852813047029;0,000346921580329862;0,000427561568865917
"catm_trx__max_12";0,000366570999921272;0,00040407136307872;0,000870325326847066
"Visa_msaldototal__max_12";0,000365715763051335;0,000376915230396158;0,000729705077531165
"ccaja_ahorro__max_12";0,000365413805516671;0,000687565117075584;0,00040095773791426
"ccaja_ahorro__tend_12";0,000365189916944872;0,00289646647472882;0,000454165399817574
"ccallcenter_transacciones_lag1";0,000365159462472371;0,000608679274848241;0,000870325326847066
"rt_invierte_adeuda__min_12";0,000365045219970238;0,00036713086499043;0,000647993311036789
"mvr_mconsumototal__max_12";0,00036482250255456;0,000347268695313723;0,000784813013073883
"catm_trx_other__max_12";0,000363537101487371;0,000308573750912852;0,000794314381270903
"mvr_mpagado_lag1";0,000363283411817033;0,000455542664488287;0,000590985101854667
"mv_mfinanciacion_limite";0,00036303955873608;0,000411159492295009;0,000729705077531165
"Visa_Finiciomora__tend_6";0,00036146914858599;0,000257461542736772;0,000619489206445728
"mv_mconsumospesos__tend_12";0,000361346813487314;0,000905620987099939;0,000646093037397385
"mv_cconsumos";0,000361030774876056;0,000455029407792041;0,00052257525083612
"Master_msaldototal";0,000360594446138855;0,000434960585058693;0,000720203709334144
"mvr_msaldototal__min_12";0,000359400426516544;0,000436354101849519;0,000767710550319246
"Visa_mpagominimo__min_3";0,000357345218247284;0,000572481654241483;0,000549179081787777
"mv_Finiciomora__tend_6";0,000356803224124523;0,000536908286894135;0,000817117664943752
"mpayroll__max_12";0,000354984211066242;0,000544839272425511;0,000710702341137124
"Master_msaldototal_delta1";0,00035426095269472;0,000345860431715574;0,000748707813925205
"Master_delinquency__tend_12";0,00035373876552234;0,000359827240283225;0,00061568865916692
"mvr_Master_mlimitecompra_delta1";0,000353029807572961;0,00080735312220213;0,000898829431438127
"ccajas_depositos_lag1";0,000352196233376086;0,00242461765517101;0,000543478260869565
"Visa_mpagominimo_lag1";0,000352114231876922;0,00043853151597673;0,000566281544542414
"ccajas_depositos";0,0003514471243949;0,000685639217939934;0,000364852538765582
"Master_mconsumospesos_delta1";0,00035088776118159;0,000522577017481136;0,000701200972940103
"Master_mconsumospesos__max_12";0,000349496213525051;0,00037893463898054;0,000801915475828519
"mv_mlimitecompra__max_12";0,000348183366786919;0,00042245433192895;0,000731605351170569
"mv_fultimo_cierre__max_6";0,000347932693996798;0,000617341329115055;0,000805716023107327
"mvr_mconsumosdolares__min_12";0,000344921361898725;0,000220351908373689;0,000691699604743083
"mv_mpagado_delta1";0,000344841827382458;0,00142851695372796;0,000697400425661295
"mv_cconsumos__max_12";0,000343457087591375;0,00038594420330954;0,000758209182122226
"m_prestamos_totales_lag1";0,00034280161315299;0,000352769395698067;0,000505472788081484
"Visa_fultimo_cierre__max_12";0,000341802445833467;0,000529240822854536;0,000763910003040438
"nu_prestamos_totales";0,000341198024077669;0,00167156114750784;0,000476968683490423
"m_egreso_principal_lag1";0,000340806813774739;0,000481423932852736;0,000735405898449377
"mv_msaldopesos_delta1";0,00034048540612204;0,000655398827231575;0,000714502888415932
"Visa_mconsumospesos_lag1";0,000337820742344797;0,000456647742768068;0,000737306172088781
"mplazo_fijo_dolares";0,000336327125677046;0,000242355387925197;0,000366752812404986
"Visa_Finiciomora__tend_12";0,000336003177535633;0,000348963052624052;0,000807616296746732
"mv_mconsumosdolares__min_12";0,00033526163334531;0,000274588377409223;0,000653694131955002
"Visa_mconsumospesos";0,000333764418632624;0,000624568140471473;0,000685998783824871
"m_egreso_principal__min_12";0,000333632322594716;0,00175834557184127;0,000670796594709638
"Visa_msaldopesos__max_6";0,000333248482272285;0,000399500559073374;0,000649893584676193
"mtarjeta_master_consumo";0,000332114512589236;0,000497051621783058;0,000475068409851019
"mv_status04__tend_12";0,000331792721399737;0,000225004582585207;0,00047126786257221
"Visa_mpagado__max_12";0,000331082103909418;0,000466029593785414;0,000712602614776528
"mvr_msaldodolares2";0,000330550661736253;0,000671802644586378;0,000600486470051687
"Master_fultimo_cierre__max_12";0,000329844516656033;0,000454469226867896;0,000756308908482822
"mtarjeta_master_consumo__tend_12";0,00032979395021393;0,00040583773113975;0,000729705077531165
"mtransferencias_emitidas";0,000329416184169894;0,000680616432765321;0,000575782912739434
"ctarjeta_visa_transacciones__min_6";0,000327615285558133;0,000491631124820149;0,000482669504408635
"m_invierte_lag1";0,00032726358862155;0,000683729901899875;0,000505472788081484
"ccaja_seguridad";0,000327230257822528;0,00104224733188671;0,000233733657646701
"mv_mconsumospesos_delta1";0,000326668468518296;0,00055257496163692;0,000609987838248708
"ctarjeta_visa_transacciones__max_6";0,000326081255750993;0,000505825407128343;0,000570082091821222
"mautoservicio__max_3";0,000326004303114098;0,000716817217438017;0,000699300699300699
"Visa_msaldototal__max_6";0,000324761963540062;0,000464983898243166;0,000672696868349042
"mv_mpagominimo__min_3";0,000324184520738147;0,000420215755277115;0,000385755548799027
"matm";0,00032409935509779;0,000428564397512437;0,000598586196412283
"mvr_msaldototal_lag1";0,000323760036884959;0,000371874986357702;0,000647993311036789
"mforex_sell__max_12";0,000323611353491369;0,000428945723959263;0,000777211918516266
"mv_mconsumosdolares_delta1";0,00032315799641345;0,000478304983103965;0,000703101246579507
"Visa_msaldototal__min_3";0,000322893811119717;0,000340027645660579;0,000537777439951353
"ccaja_seguridad_lag1";0,000322580268938564;3,28579490081541e-05;0,000165323806628154
"cliente_antiguedad__max_3";0,00032218246971678;0,000732240937117629;0,00065749467923381
"mtarjeta_master_consumo_delta1";0,00032113899579335;0,000258747594288027;0,000689799331103679
"mautoservicio__min_3";0,000320914916251043;0,000687662977114982;0,000463666768014594
"fl_fidelizacion_media__tend_3";0,000319358541024472;0,000184519511378175;0,000119717239282457
"catm_trx_delta1";0,00031923212468234;0,000532809606727828;0,000705001520218911
"mv_status07__tend_12";0,000317493489387694;0,000317060114768286;0,00050357251444208
"Visa_msaldototal__min_6";0,000317246920905099;0,000430159821260995;0,000697400425661295
"ctarjeta_visa__min_6";0,000315679011024971;6,97649136476087e-05;4,37062937062937e-05
"mv_mlimitecompra";0,00031415367632271;0,000274176173068903;0,000592885375494071
"Master_mconsumototal__min_12";0,000313803643116001;0,000351646604299146;0,000684098510185467
"mv_status04__tend_6";0,000313716655089896;0,000363829416438393;0,000433262389784129
"cseguro_vida__max_12";0,000313506196290262;0,000293580231198587;0,000526375798114929
"cpagomiscuentas__max_12";0,000312417222639835;0,000620389398136674;0,000678397689267254
"ccajas_consultas";0,000312394039583215;0,00227138917389647;0,000644192763757981
"cseguro_vida__min_12";0,000310139276284502;0,000256285640231017;0,000345849802371542
"mv_Finiciomora__min_12";0,000310112947089132;0,000337281264676125;0,000725904530252356
"Master_msaldototal__max_12";0,000309984382123085;0,000293662299158879;0,000634691395560961
"cseguro_vida_lag1";0,000308586230711883;0,000266783926264818;0,000402858011553664
"mv_mconsumosdolares";0,000308473815158445;0,000538999197718621;0,000497871693523867
"Master_msaldopesos__max_12";0,00030813857686756;0,000320469650072846;0,000701200972940103
"Visa_msaldopesos__min_12";0,000308040014193552;0,00039515005315903;0,000653694131955002
"mv_mconsumototal__min_12";0,000306447447525007;0,000459232558635512;0,000678397689267254
"m_prestamos_totales__max_3";0,000306407099812776;0,000240774145972187;0,000486470051687443
"mvr_mpagominimo__min_12";0,000305203557272445;0,000499594598528577;0,00061568865916692
"mv_msaldopesos__max_12";0,000303249897140404;0,000268607614770403;0,000497871693523867
"Visa_status__tend_12";0,000303232103770686;0,000150005936616856;0,000583384007297051
"mv_fultimo_cierre_delta1";0,000303115554387711;0,000418931596515305;0,000678397689267254
"mv_mfinanciacion_limite_lag1";0,000302484699860164;0,000334988898903327;0,000583384007297051
"cliente_antiguedad__max_6";0,000302409868893388;0,000722817190477181;0,000672696868349042
"mvr_msaldopesos_lag1";0,000300158405776485;0,000392289455044296;0,000628990574642749
"mvr_mconsumototal";0,000298005409711198;0,00075556753299282;0,000609987838248708
"mvr_mconsumototal_lag1";0,000296595521480507;0,00032730366524341;0,000623289753724536
"mv_mfinanciacion_limite__max_12";0,000296564323073282;0,000340732384847312;0,000642292490118577
"ctransferencias_emitidas_delta1";0,000296405627279751;0,000642787312408183;0,000680297962906659
"Visa_Finiciomora__min_12";0,000295240517834552;0,000368225914311208;0,000705001520218911
"mprestamos_personales_lag1";0,000295002322881352;0,000420093825736109;0,000425661295226513
"cpagomiscuentas_lag1";0,000294816893386048;0,000505442837655613;0,000501672240802676
"mforex_sell_delta1";0,000294097481777417;0,00054275901207298;0,00066699604743083
"fl_post_paso__tend_12";0,000292799486755059;0,000296377237238065;0,000638491942839769
"mv_status01";0,000290907671944366;0,00010731907102453;0,000115916692003649
"ccuenta_debitos_automaticos__max_12";0,000290569521047799;0,00156866261560714;0,000743006993006993
"mvr_mpagominimo_lag1";0,00028947611221393;0,000463065824520598;0,000537777439951353
"mttarjeta_visa_debitos_automaticos__min_12";0,000289240004895761;0,000536624368477288;0,000646093037397385
"mv_fultimo_cierre__max_3";0,000288713757723805;0,000275840245748102;0,000642292490118577
"Master_mconsumototal_lag1";0,000287909174839704;0,000312751702231166;0,000611888111888112
"ctarjeta_debito_transacciones__max_3";0,000286638173457432;0,000729839976081711;0,00062519002736394
"mv_msaldototal_delta1";0,000286318988009268;0,000448189431747253;0,000619489206445728
"mprestamos_personales__max_12";0,000286108862878171;0,000255470497743485;0,000566281544542414
"Visa_msaldopesos__min_6";0,000285886049815167;0,000281473271890109;0,000617588932806324
"mpagomiscuentas__min_12";0,000283793426361729;0,000606944829952488;0,000528276071754333
"ctarjeta_debito_transacciones_lag1";0,000282813867940786;0,000523283762459669;0,000497871693523867
"m_prestamos_totales__max_12";0,000282088819847227;0,000315351264905933;0,000511173608999696
"mv_fultimo_cierre__min_6";0,000280450840571536;0,000338743741154068;0,000636591669200365
"mvr_mpagado";0,000280053362451488;0,0010417696144311;0,00055487990270599
"Visa_msaldopesos__max_3";0,000279870047046329;0,000255471317010559;0,000592885375494071
"ccajas_depositos__max_12";0,000279565208721934;0,00142788450779782;0,000628990574642749
"Visa_mconsumosdolares_lag1";0,000279450545456345;0,000313758863970371;0,000613788385527516
"Master_mpagominimo";0,000279351618868699;0,000539925562774027;0,000435162663423533
"Visa_fultimo_cierre_delta1";0,000278986628150699;0,000318688478703316;0,000653694131955002
"Visa_fultimo_cierre__min_12";0,000277995044671715;0,000347453821421742;0,000651793858315597
"Visa_msaldototal_lag1";0,000277200456359651;0,000260527070622233;0,000579583460018243
"mv_mlimitecompra_lag1";0,000275246553543716;0,000252916136010704;0,000571982365460626
"Master_mconsumospesos";0,000275072680419598;0,000333901505492098;0,000547278808148373
"ctarjeta_visa_transacciones__max_3";0,000274871264929978;0,000529653563956041;0,000537777439951353
"Master_msaldototal_lag1";0,000274254356385906;0,000402691886830498;0,000611888111888112
"mextraccion_autoservicio";0,000272640942016362;0,000284277001569707;0,000488370325326847
"Master_mconsumospesos__min_12";0,000270021361217055;0,000296271043274987;0,000583384007297051
"mautoservicio_lag1";0,000269951812022263;0,000660170888431112;0,00056438127090301
"ctarjeta_visa_transacciones_lag1";0,000269748050904161;0,000902150515275465;0,000511173608999696
"matm_lag1";0,000269288830141515;0,000492121131281861;0,000611888111888112
"Master_Finiciomora_lag1";0,000268135569519921;0,000778958201203276;0,000475068409851019
"mplazo_fijo_dolares__max_12";0,000267633701769111;0,00033612669136487;0,000600486470051687
"mv_mconsumototal";0,000266848316993786;0,000450870525621127;0,000467467315293402
"Visa_status_delta1";0,000266151993417802;6,35121543403908e-05;0,000250836120401338
"Visa_msaldopesos_lag1";0,000264929379434078;0,000295777279484973;0,000545378534508969
"mcheques_depositados_delta1";0,000263815571838234;0,000374945288592661;0,0006061872909699
"mv_mpagospesos__max_12";0,0002634550722808;0,000373953862431385;0,000494071146245059
"cpayroll_trx__max_12";0,000263256701547755;0,00024327237378514;0,000518774703557312
"mtarjeta_visa_consumo__max_12";0,000262982815505782;0,000428798481890745;0,000577683186378839
"mtransferencias_emitidas_lag1";0,000262561356711205;0,000806226121465486;0,000556780176345394
"Visa_msaldototal__max_3";0,000260416601475869;0,000249084960669185;0,000530176345393737
"mcheques_emitidos_rechazados__max_12";0,000258493302836955;0,00136402280892293;0,000286941319550015
"Master_fultimo_cierre__min_12";0,000257804096409385;0,000261298594200749;0,000628990574642749
"mvr_msaldodolares2_lag1";0,000257304499185456;0,000315246511722882;0,000524475524475524
"ccajas_consultas_lag1";0,000257104333120195;0,00027516062133476;0,00052257525083612
"ctarjeta_visa_transacciones__min_12";0,000256613497949286;0,000286564423489475;0,000463666768014594
"Master_msaldopesos_lag1";0,000255683119632776;0,000308938014004078;0,000575782912739434
"mextraccion_autoservicio_lag1";0,000254884066814732;0,000777227400633471;0,000539677713590757
"mv_mpagospesos__min_12";0,000254409369412194;0,000600613138500328;0,000575782912739434
"Master_Finiciomora__max_12";0,000253294758089579;0,000289260659678914;0,000495971419884463
"chomebanking_transacciones__min_12";0,000252687136337309;0,000355294744076212;0,000596685922772879
"mvr_mconsumosdolares_lag1";0,000252537937430566;0,000785609830572928;0,000577683186378839
"ccaja_ahorro_lag1";0,000251759987614085;0,000737028479639797;0,000241334752204317
"cpayroll_trx_delta1";0,000250343977655348;0,00101539059894363;0,000364852538765582
"Visa_mpagominimo__min_12";0,000250278272555494;0,000374486555532685;0,000539677713590757
"mv_mpagospesos__min_6";0,000250019970444979;0,000718732748607599;0,000532076619033141
"Visa_cconsumos__min_12";0,00024959059513869;0,00026485754686916;0,00055487990270599
"Visa_msaldototal__min_12";0,000248599743825522;0,000265705177533744;0,000575782912739434
"mv_mpagado__max_12";0,00024594456808345;0,000272755676965829;0,000530176345393737
"mv_msaldototal__max_12";0,000244993782826571;0,000290491876837423;0,00045226512617817
"Master_status__tend_12";0,000244543359897423;0,000177920173848283;0,00045226512617817
"mcheques_depositados";0,000244490473683531;0,0013138100147406;0,000475068409851019
"ctarjeta_debito_transacciones__min_3";0,0002442049435521;0,000738680602319958;0,000520674977196716
"mv_mpagado";0,00024363026397549;0,000937254103582639;0,000418060200668896
"Master_cconsumos";0,000243626034373956;0,000236848444160741;0,000486470051687443
"internet_delta1";0,000240318876193577;0,00022834696624033;0,000568181818181818
"Master_fultimo_cierre_delta1";0,000239777463659416;0,00032316981309412;0,000543478260869565
"mv_mconsumototal__max_12";0,000239485806139892;0,000264114725888804;0,000551079355427182
"ctransferencias_recibidas__max_12";0,000239056936422972;0,000298925440342501;0,000551079355427182
"Visa_Finiciomora__max_6";0,000238985760899502;0,000236924466495042;0,000556780176345394
"mprestamos_personales__max_6";0,000238022605795422;0,000218709588647821;0,000457965947096382
"Master_Finiciomora__max_6";0,000237398421422127;0,000129656726790255;0,000290741866828823
"mv_mconsumosdolares__max_12";0,000236481170576382;0,000247883152373555;0,000535877166311949
"Visa_mpagado_lag1";0,000236436836046249;0,000464954545881464;0,00045226512617817
"mv_status02__tend_12";0,00023632005153442;0,000182610477844004;0,000516874429917908
"Master_cconsumos_delta1";0,000235921127658667;0,000297355385622632;0,000528276071754333
"mv_msaldopesos__min_12";0,000235611337266301;0,000288195612483379;0,000383855275159623
"catm_trx_other_delta1";0,000235201669772289;0,000276843226400173;0,000552979629066586
"mforex_sell_lag1";0,000234723307601081;0,000555823525086834;0,000532076619033141
"cpayroll_trx__max_3";0,000232709895816784;0,00017686631388589;0,000277439951352995
"mv_status04_delta1";0,00023219476707294;0,000336193956016663;0,000345849802371542
"mv_delinquency__max_3";0,000230923793442356;0,000161579750814615;7,22103982973548e-05
"ctarjeta_master_transacciones";0,000229914945970184;0,000262344572248883;0,000374353906962603
"cextraccion_autoservicio_lag1";0,000229717253744706;0,00086962872002274;0,00046176649437519
"Master_mpagominimo__max_12";0,000229444385464082;0,000232041747739407;0,000492170872605655
"mforex_sell";0,000227047563221769;0,00051795259385836;0,000454165399817574
"mautoservicio__min_6";0,000226980766929551;0,000414747882076888;0,000446564305259957
"m_invierte__min_12";0,000225351153129531;8,204165899442e-05;0,000378154454241411
"Visa_mpagado";0,000223720518700737;0,00052600867299668;0,000456065673456978
"mv_mconsumosdolares_lag1";0,000223340639638725;0,000595511336429007;0,00050357251444208
"mv_status01__tend_3";0,000221549048514094;0,00167645352796483;0,000300243235025844
"m_prestamos_totales__max_6";0,000217405255671763;0,000196756423394862;0,000446564305259957
"ctransferencias_recibidas";0,000216600485482471;0,000271438691019903;0,000478868957129827
"mprestamos_personales__max_3";0,000215935937862983;0,000156666012912542;0,000374353906962603
"Master_mconsumospesos_lag1";0,000215187523197602;0,000190263957842177;0,000501672240802676
"ctarjeta_master_transacciones_delta1";0,000215147240339046;0,00114535031329813;0,00047126786257221
"mv_status06__tend_3";0,000213925792948498;0,000257241414149302;0,000319245971419884
"mv_fultimo_cierre__min_12";0,000213787138585914;0,000203763671175585;0,000495971419884463
"mtarjeta_visa_consumo__min_6";0,00021190185345058;0,000337115320717861;0,000353450896929158
"matm_other";0,000211770999157318;0,000564479872734723;0,000459866220735786
"mv_status01__max_3";0,000210475067060268;0,000175398582798441;8,55123137731833e-05
"thomebanking_delta1";0,000210428573658292;0,000451450736212689;0,000469367588932806
"nu_prestamos_totales__min_12";0,000210084210896797;0,00038056972655569;0,000338248707813925
"mv_mpagominimo__min_6";0,000209558157463036;0,000263283650069222;0,000381955001520219
"mv_mpagospesos__min_3";0,000209102381101213;0,000439442823468337;0,000438963210702341
"Visa_mpagado__min_12";0,000207587231617353;0,000153714871660893;0,000343949528732137
"ccomisiones_mantenimiento__max_12";0,000206251303678526;0,00054683924460484;0,000482669504408635
"nu_prestamos_totales_lag1";0,000205939535436105;0,00071651668767499;0,00036865308604439
"nu_prestamos_totales__max_12";0,000205655337659952;0,000275303908320854;0,000406658558832472
"mv_status06__tend_6";0,000205551965217055;0,000114822144888246;0,000402858011553664
"ctransferencias_recibidas_lag1";0,000203344340067071;0,000829944072746506;0,00047126786257221
"Visa_delinquency__tend_3";0,000201758129432598;0,000117048743290455;0,000241334752204317
"mtarjeta_visa_consumo__min_12";0,000198513118775231;0,000544485236047409;0,000418060200668896
"ccuenta_debitos_automaticos_delta1";0,000198263848205821;0,000927226048598432;0,000456065673456978
"mv_mpagado__min_12";0,000198192888886198;0,000112600151332002;0,000252736394040742
"mtarjeta_visa_consumo__max_6";0,000198054376698028;0,000240945796549377;0,000404758285193068
"mv_mconsumospesos";0,000197830097458267;0,000563061862683458;0,000385755548799027
"ctarjeta_master_transacciones__max_12";0,00019599127331054;0,00222938978638115;0,000442763757981149
"mtarjeta_visa_consumo_lag1";0,000195710464207426;0,000534448847139523;0,000378154454241411
"mv_msaldototal__min_12";0,000195304941763311;0,000224353689020615;0,000427561568865917
"catm_trx";0,000195227329144909;0,000200196554087028;0,00040095773791426
"mv_mpagado_lag1";0,000195103686276009;0,000780579813247597;0,000429461842505321
"Master_cconsumos_lag1";0,000192469716289053;0,000248176817243517;0,000440863484341745
"mv_delinquency__tend_3";0,000192389670074555;0,00014916889992305;0,000248935846761934
"ccuenta_debitos_automaticos";0,000191264993990325;0,000443662670409754;0,000387655822438431
"mv_Fvencimiento_delta1";0,000191169524445106;0,000167552264281522;0,000454165399817574
"mv_cconsumos_lag1";0,000190974221482838;0,000594592118772553;0,000433262389784129
"mv_mpagominimo_lag1";0,000190900552695897;0,000343694459076803;0,000383855275159623
"ccomisiones_mantenimiento";0,000189698153061317;0,000487944253485919;0,00026603830951657
"mextraccion_autoservicio__min_12";0,000189339578368908;0,000612193139577021;0,000393356643356643
"cprestamos_personales__max_12";0,000187850430096862;0,000411158757779702;0,000381955001520219
"mv_msaldopesos_lag1";0,000187414310731557;0,00022865885274003;0,000355351170568562
"mv_mconsumospesos__min_12";0,000186992837649724;0,000384440989482633;0,000442763757981149
"mv_status01_delta1";0,000185869642079376;4,96839714116912e-05;0,000231833384007297
"mv_mconsumospesos__max_12";0,000185600310331187;0,000259950419604852;0,000418060200668896
"Visa_Finiciomora__min_6";0,000184884911696361;0,000172148267812025;0,000404758285193068
"fl_cepo__tend_12";0,000182684214120595;0,000156005146890124;0,000406658558832472
"cprestamos_personales_lag1";0,000180382696035413;0,000810576373124532;0,000366752812404986
"mautoservicio__min_12";0,000179480061203103;0,000415920168507283;0,000397157190635452
"ctransferencias_emitidas_lag1";0,000178484270862513;0,000557622042317851;0,000393356643356643
"ctarjeta_debito_transacciones__min_12";0,000176799048964085;0,000168822128245429;0,000324946792338097
"mv_mconsumototal_lag1";0,000176053310902839;0,000306008597455171;0,000381955001520219
"ccuenta_debitos_automaticos_lag1";0,000175765192907845;0,000328788826944111;0,00041045910611128
"mv_msaldototal_lag1";0,000175156654901072;0,000177896584606684;0,000332547886895713
"mv_mpagominimo__min_12";0,000174607982271125;0,000309254759605042;0,000355351170568562
"mtarjeta_visa_consumo__max_3";0,000174166647857571;0,000259866487105702;0,000330647613256309
"Visa_Finiciomora__min_3";0,000172730999129165;0,000121250368602134;0,000391456369717239
"matm_other_lag1";0,000167953542355973;0,0005178302970597;0,000406658558832472
"Master_delinquency";0,000167442768732078;0,000215526594814376;5,70082091821222e-05
"tcallcenter_delta1";0,000166852577183911;0,000226933956543272;0,000243235025843721
"catm_trx_other_lag1";0,000165973856950683;0,000521504794636061;0,000288841593189419
"mtarjeta_master_consumo__min_12";0,000165375347251826;0,00021225249283224;0,000353450896929158
"mv_fechaalta_delta1";0,000165074882149559;0,000120368498223996;0,00034965034965035
"Master_mpagominimo_lag1";0,000164761646234334;0,000171904634734723;0,00029834296138644
"ccaja_seguridad__min_12";0,000164069418089326;0,000139056629933806;0,000161523259349346
"cpagomiscuentas__min_12";0,000163855716157172;0,00118944397345799;0,000345849802371542
"ctarjeta_visa_debitos_automaticos__min_12";0,000163266637144985;0,000303128930193037;0,000391456369717239
"ccuenta_debitos_automaticos__min_12";0,000163232684339138;9,65336460067664e-05;0,000343949528732137
"ctarjeta_debito_transacciones__min_6";0,00016227825351287;0,000428735793834329;0,000361051991486774
"mv_cconsumos__min_12";0,0001618677774798;0,000573577522829335;0,00035915171784737
"catm_trx_lag1";0,000161601200429443;0,000258631851625955;0,000362952265126178
"thomebanking__max_12";0,000161009762349277;8,26311075285005e-05;0,000283140772271207
"cprestamos_personales__min_12";0,000160775729600656;0,000419761457559571;0,000342049255092733
"ctarjeta_master__tend_12";0,000157658724462245;0,000271589125404948;0,000294542414107631
"Master_Finiciomora__tend_12";0,000157107054151362;0,000163010191124925;0,000393356643356643
"cpayroll_trx__max_6";0,000155417978832631;0,000170361333322392;0,000281240498631803
"Visa_delinquency__max_3";0,00015408382774983;2,41449306792507e-05;2,28032836728489e-05
"Master_Finiciomora__min_12";0,000153246661567013;0,000172896456404241;0,000343949528732137
"ctarjeta_master_transacciones_lag1";0,000152437692195826;0,000249428431327098;0,000323046518698693
"mv_status06_delta1";0,000152219094746309;7,80027570738888e-05;0,000254636667680146
"mv_status02_delta1";0,000150995171845392;6,63042447774277e-05;0,000231833384007297
"internet_lag1";0,00015066872792216;0,000439366801134035;0,000222332015810277
"cextraccion_autoservicio";0,0001494699987911;0,000216422053725698;0,00030784432958346
"Visa_Fvencimiento_delta1";0,00014918894807626;0,000108150853108831;0,000319245971419884
"cseguro_vida";0,000149104066335916;0,00020504703892091;0,000292642140468227
"mvr_mpagado__min_12";0,000148172997094643;0,000197339346042943;0,000393356643356643
"nu_prestamos_totales_delta1";0,000145130701394055;0,0013944945154519;0,000239434478564913
"ctransferencias_emitidas";0,000144428150444112;0,000290985979634503;0,000294542414107631
"fl_fidelizacion_alta__max_12";0,000142733806593421;0,000550006220354469;0,000152021891152326
"fl_fidelizacion_media__max_3";0,000142074734085166;3,39713329610247e-06;2,4703557312253e-05
"Visa_delinquency_delta1";0,000141901297682348;6,59334558002024e-05;0,000142520522955306
"Master_Finiciomora__min_3";0,00014147385988269;8,15505507597469e-05;0,000262237762237762
"mtarjeta_master_consumo__max_12";0,00013961245556069;0,000141638112231779;0,000309744603222864
"mv_mconsumospesos_lag1";0,000139252607482224;0,000296801137322123;0,000319245971419884
"Visa_fechaalta_delta1";0,000139070808396359;0,000176517193110229;0,00029834296138644
"Master_mpagominimo__min_12";0,000134062881936896;0,000148188858749037;0,000324946792338097
"Master_Fvencimiento_delta1";0,000133893245096659;0,000134607190457691;0,000294542414107631
"catm_trx_other";0,000132535434116922;0,000458124316289792;0,000328747339616905
"mcheques_emitidos_rechazados";0,000132326240599752;0,00088439301445996;0,000133019154758285
"cplazo_fijo";0,000129082194594036;0,000402113399524849;0,000174825174825175
"Master_Finiciomora__tend_6";0,000128373862690812;0,00017770168379496;0,000262237762237762
"matm__min_12";0,000128319260460174;9,91025002915721e-05;0,00026603830951657
"tcallcenter";0,000128020575230962;0,000459012514799809;9,50136819702037e-05
"ccaja_seguridad__max_12";0,000127815642832068;2,06916352127312e-05;0,000110215871085436
"Master_Finiciomora__max_3";0,000126441388915135;0,000221791191118276;0,00024703557312253
"mcheques_depositados_lag1";0,000126162722252272;0,000320933891997627;0,000313545150501672
"mplazo_fijo_dolares_delta1";0,000125286365275957;0,00022777500482068;0,000241334752204317
"cprestamos_personales_delta1";0,0001243297199498;0,000354047763089185;0,000167224080267559
"mv_status01__max_12";0,000120374031461518;0,000221958321601268;7,98114928549711e-05
"matm_other__min_12";0,000119324851437067;0,000312036962336019;0,000209030100334448
"cplazo_fijo__max_12";0,000117503000201485;8,63171878462457e-05;0,000285041045910611
"mv_status05";0,00011750219572669;4,40090213959925e-05;6,27090301003344e-05
"mv_status07_delta1";0,000117320723801554;0,000113857528535686;0,000212830647613256
"Master_Finiciomora__min_6";0,000117043866434022;0,000171994132599855;0,000254636667680146
"mcheques_emitidos_rechazados_lag1";0,00011690982810213;0,00153197710733283;0,000146321070234114
"mv_delinquency_lag1";0,000111317971229272;4,90790133043919e-05;2,85041045910611e-05
"minversion2__tend_12";0,000110687381826337;7,31745902051121e-05;0,000216631194892064
"ctarjeta_visa_delta1";0,000110523422587409;8,24561516324277e-05;5,130738826391e-05
"Visa_Finiciomora_delta1";0,000108078808822405;7,51125240915657e-05;0,000203329279416236
"minversion2__max_12";0,000105799901405936;0,000126953343201864;0,000235633931286105
"mv_status02__max_12";0,000105121738479416;0,000138746918729439;0,000229933110367893
"Master_fechaalta_delta1";0,000102749601300825;0,000119524370632416;0,000222332015810277
"mprestamos_prendarios__tend_12";0,000102240398975981;8,04472522670568e-05;0,000218531468531469
"mtransferencias_emitidas__min_12";0,000101951345552139;0,000277626756478904;0,000245135299483126
"Master_status_delta1";9,98786146978204e-05;3,34828520311045e-05;0,000138719975676497
"mtarjeta_master_consumo_lag1";9,46604552920795e-05;7,24101010231926e-05;0,000180525995743387
"mdescubierto_preacordado__max_3";9,35940158124529e-05;3,58445729992614e-05;2,4703557312253e-05
"cextraccion_autoservicio__min_12";9,29371755571878e-05;9,03185164837514e-05;0,000239434478564913
"catm_trx__min_12";9,00148449412128e-05;0,000125146802803645;0,000228032836728489
"Master_cconsumos__min_12";8,68123534596556e-05;0,000103613187044078;0,000201429005776832
"mprestamos_prendarios__max_12";8,59366875327745e-05;3,56385414555735e-05;0,00015392216479173
"mplazo_fijo_dolares_lag1";8,46114694015254e-05;5,75398103770158e-05;0,000188127090301003
"mprestamos_prendarios_lag1";8,45916753420899e-05;2,36177746933441e-05;0,000171024627546367
"ccaja_ahorro__min_12";8,26390113784413e-05;0,000169834488092962;0,000150121617512922
"mv_status02";8,16736855089378e-05;7,64479859225291e-05;0,000127318333840073
"minversion2";8,16423053568331e-05;5,98892140884817e-05;0,000186226816661599
"ctarjeta_master_transacciones__min_12";8,10035111787012e-05;6,29146261379304e-05;0,000171024627546367
"Visa_status__max_3";7,73784082226365e-05;3,69767153430561e-05;0,000100714502888416
"mv_delinquency__max_6";7,67173944925659e-05;3,74863559639433e-05;3,80054727880815e-05
"thomebanking";7,28092836669354e-05;0,000395412840135498;0,00010261477652782
"fl_fidelizacion_alta__tend_12";6,7847614208955e-05;0,002316595200988;0,000123517786561265
"minversion2__min_12";6,77946906936035e-05;8,60266305410448e-05;0,000150121617512922
"ctarjeta_visa__tend_3";6,77213971902643e-05;6,25811844390206e-05;2,09030100334448e-05
"tcallcenter__max_12";6,63729883725519e-05;5,56437438630764e-05;8,17117664943752e-05
"mv_delinquency__max_12";6,54726423438409e-05;6,2174545464683e-05;3,42049255092733e-05
"Master_Finiciomora_delta1";6,38715802180012e-05;6,21060660375749e-05;9,31134083307996e-05
"minversion2_lag1";6,35882396772629e-05;0,000399997119671674;0,000142520522955306
"mprestamos_prendarios";6,32006915249185e-05;2,95407931287773e-05;0,000104515050167224
"mcheques_emitidos_rechazados_delta1";6,29002945426966e-05;0,00050859348456495;0,000121617512921861
"fl_fidelizacion_media_lag1";6,14905664140594e-05;2,00839085477353e-06;1,52021891152326e-05
"ctarjeta_master";6,03354263823594e-05;7,99689415490833e-07;1,33019154758285e-05
"Master_status__max_12";5,99911908347992e-05;0,000128663351338356;8,36120401337793e-05
"ccomisiones_mantenimiento_lag1";5,9261822529075e-05;4,19716454371707e-05;0,000115916692003649
"Visa_status__max_6";5,89168113305753e-05;0,000210244327982176;7,22103982973548e-05
"Master_Finiciomora__tend_3";5,6767483200593e-05;0,000109496852409395;0,000129218607479477
"mprestamos_prendarios_delta1";5,44051982450868e-05;3,89915190814738e-05;9,69139556096078e-05
"catm_trx_other__min_12";5,42788378052759e-05;0,000127000719439183;0,000110215871085436
"ctransferencias_emitidas__min_12";5,31171541101691e-05;0,000284625585584182;0,000125418060200669
"ccomisiones_mantenimiento__min_12";5,3014640224197e-05;7,57876566612975e-05;8,93128610519915e-05
"ctarjeta_master__min_12";4,98189679780597e-05;2,84206572851976e-06;2,6603830951657e-05
"mv_status05__max_6";4,89389448118293e-05;3,15501162529793e-05;4,75068409851019e-05
"cplazo_fijo_lag1";4,84803884689659e-05;3,13667699320504e-05;9,31134083307996e-05
"internet__min_12";4,80871527665942e-05;7,31288242513518e-05;4,94071146245059e-05
"mv_status07__max_3";4,56535796102805e-05;0,000144054921847981;3,61051991486774e-05
"mdescubierto_preacordado_lag1";4,21736038174068e-05;2,15877156370062e-05;2,09030100334448e-05
"Master_status";4,180595422344e-05;4,62096857577371e-05;8,93128610519915e-05
"fl_post_paso_lag1";4,17601471084787e-05;6,4880358603705e-05;7,6010945576163e-05
"fl_fidelizacion_media__min_12";4,0905163295034e-05;0,000153186896407913;4,94071146245059e-05
"mv_status05__max_3";4,05465520491901e-05;4,45650777341811e-05;4,94071146245059e-05
"Visa_status__max_12";3,94944157843291e-05;1,34928484403442e-05;6,84098510185467e-05
"mv_status07__max_12";3,85146468445205e-05;4,11828324983451e-05;3,04043782304652e-05
"minversion2_delta1";3,72483036066879e-05;2,00033943698235e-05;7,22103982973548e-05
"mprestamos_prendarios__min_12";3,67481592780621e-05;9,43456661593664e-06;6,46093037397385e-05
"thomebanking_lag1";3,58183267447408e-05;8,58584830368585e-05;5,89084828215263e-05
"cliente_edad_delta1";3,22926562898355e-05;8,82213622791538e-05;8,55123137731833e-05
"ccaja_ahorro_delta1";3,15417834183719e-05;0,000442686245311099;4,75068409851019e-05
"Visa_delinquency__max_12";3,05508155381423e-05;6,18519519918498e-05;3,99057464274856e-05
"cseguro_vida_delta1";2,99044324827766e-05;5,46122301163771e-05;8,74125874125874e-05
"mv_status05__max_12";2,91887667535423e-05;2,99207635473435e-05;5,89084828215263e-05
"ccaja_seguridad__tend_12";2,86167782927298e-05;0,000158245955338469;5,130738826391e-05
"fl_post_paso";2,80617230738608e-05;5,37616048893863e-05;6,08087564609304e-05
"ctarjeta_visa_lag1";2,79097263831082e-05;4,45887517275461e-06;1,14016418364244e-05
"internet";2,71412501898712e-05;2,42912404783402e-05;2,6603830951657e-05
"ctarjeta_master_delta1";2,68396490636728e-05;5,28920800185278e-05;4,37062937062937e-05
"mv_status04";2,56520956344238e-05;2,95472907641877e-06;2,09030100334448e-05
"mplazo_fijo_dolares__min_12";2,47943077785028e-05;1,06445393317127e-05;5,130738826391e-05
"mv_status06";2,43906454953444e-05;8,43087969914722e-06;1,90027363940407e-05
"Master_delinquency_delta1";2,37693338580565e-05;4,52200958847294e-05;5,32076619033141e-05
"internet__max_12";2,17260474943385e-05;2,67501717223549e-05;4,18060200668896e-05
"tcallcenter_lag1";2,16466915812501e-05;2,77404396094923e-05;3,42049255092733e-05
"mv_status02_lag1";2,12694325478297e-05;1,00916753100518e-05;4,75068409851019e-05
"mv_status01_lag1";1,90794525840243e-05;1,36192698249601e-05;3,80054727880815e-05
"Visa_delinquency__max_6";1,89914235828945e-05;1,30631569855939e-05;3,04043782304652e-05
"mdescubierto_preacordado__max_6";1,88907219344797e-05;5,32763445265825e-05;4,75068409851019e-05
"fl_post_paso__max_12";1,8884322839163e-05;2,76532017914602e-05;3,04043782304652e-05
"mv_status04__max_12";1,88659942832625e-05;8,05576838184453e-06;3,99057464274856e-05
"Master_delinquency_lag1";1,83187458659302e-05;0,000101340511931632;2,4703557312253e-05
"fl_post_paso_delta1";1,78782183457815e-05;1,36752059906672e-05;4,37062937062937e-05
"thomebanking__min_12";1,71697229494622e-05;4,10080743563935e-05;2,85041045910611e-05
"Visa_status_lag1";1,70481328078107e-05;1,15375686924037e-05;3,80054727880815e-05
"fl_cepo_delta1";1,69871347232924e-05;1,76859985754012e-05;3,42049255092733e-05
"cplazo_fijo_delta1";1,68131223919223e-05;8,49887886624675e-06;3,61051991486774e-05
"mv_status04__max_3";1,61274800490018e-05;1,46975947972032e-05;2,4703557312253e-05
"mcheques_depositados__min_12";1,57745309203719e-05;1,25326674302159e-05;4,37062937062937e-05
"mv_status06__max_12";1,54848340463511e-05;1,2215272065711e-05;2,28032836728489e-05
"ctarjeta_visa__min_12";1,54093735426422e-05;6,322114502577e-06;2,28032836728489e-05
"fl_post_paso__min_12";1,52941058238553e-05;0,000227961854214613;3,61051991486774e-05
"mv_status07__max_6";1,50524992083465e-05;6,18572631025331e-05;2,4703557312253e-05
"cplazo_fijo__min_12";1,49889152799301e-05;6,19182278730361e-06;2,85041045910611e-05
"fl_fidelizacion_media__max_12";1,31051096361788e-05;1,51510732476733e-06;2,09030100334448e-05
"Master_delinquency__max_12";1,27569388095641e-05;1,44530577010613e-05;2,85041045910611e-05
"mv_status04__max_6";1,20175487785342e-05;2,95235037684678e-05;2,6603830951657e-05
"ccajas_depositos__min_12";1,18475400956051e-05;1,40768163602089e-05;1,71024627546367e-05
"fl_cepo__max_12";1,18430079183945e-05;4,01126436956595e-05;2,28032836728489e-05
"ctarjeta_visa__max_12";1,16112555456351e-05;1,47131891221882e-05;2,28032836728489e-05
"fl_cepo_lag1";1,10012339830161e-05;1,17597878234402e-05;2,09030100334448e-05
"mdescubierto_preacordado__max_12";1,05695768297513e-05;1,14291429328158e-05;2,6603830951657e-05
"fl_cepo";1,0126790426961e-05;5,93440342269583e-06;1,90027363940407e-05
"ccallcenter_transacciones__min_12";9,16415452628566e-06;6,56492831280569e-06;1,90027363940407e-05
"mv_status05__min_12";7,76913638782318e-06;5,44934081401326e-06;1,71024627546367e-05
"mv_status06__min_12";7,13896508039339e-06;1,43027080677818e-06;5,70082091821222e-06
"mv_status04__min_3";6,22488797548106e-06;8,70428889698239e-07;7,6010945576163e-06
"mv_status07_lag1";5,84321240934841e-06;1,41062252230883e-05;3,80054727880815e-06
"mv_status05__min_6";5,73592682890565e-06;1,5773433717637e-06;1,52021891152326e-05
"ccajas_consultas__min_12";5,40707212430821e-06;1,95755674539302e-05;1,71024627546367e-05
"ctarjeta_visa__max_3";5,04717667099391e-06;1,32425199735104e-05;9,50136819702037e-06
"ctarjeta_visa__max_6";4,99311518684891e-06;1,10939779479929e-05;1,14016418364244e-05
"Master_status_lag1";4,98958700734723e-06;3,01188001744177e-06;1,33019154758285e-05
"mv_status05_lag1";4,4608639510094e-06;1,27949741466758e-06;5,70082091821222e-06
"mv_status01__min_6";4,35067144986682e-06;3,29204110598604e-07;3,80054727880815e-06
"Visa_delinquency__min_3";4,19789459509701e-06;4,4952054298755e-06;9,50136819702037e-06
"fl_fidelizacion_media__max_6";4,13026460528312e-06;6,98580558386877e-07;7,6010945576163e-06
"mv_status04__min_6";3,70282393819948e-06;1,21849874345807e-05;1,14016418364244e-05
"mv_status06__max_6";3,56390751790143e-06;2,08076886312791e-06;5,70082091821222e-06
"mv_status04__min_12";3,32915352461365e-06;5,20940856383614e-07;9,50136819702037e-06
"Visa_delinquency_lag1";3,3119661290754e-06;1,94544854305863e-06;5,70082091821222e-06
"mv_status07__min_12";3,28800846875006e-06;5,7931222284022e-06;1,14016418364244e-05
"ctarjeta_master__max_12";3,27556050291725e-06;8,06619284908995e-06;7,6010945576163e-06
"mv_delinquency__min_3";3,1076373605527e-06;3,61082074933922e-06;9,50136819702037e-06
"Visa_status__min_6";2,99988531239179e-06;2,43435323180998e-07;3,80054727880815e-06
"ctarjeta_master_lag1";2,63274105845297e-06;3,43498908501538e-06;5,70082091821222e-06
"mv_status05__min_3";2,47671613420636e-06;6,01779916065919e-06;5,70082091821222e-06
"mv_status07";2,44676016978207e-06;6,69849709637303e-07;3,80054727880815e-06
"mv_status07__min_6";2,2088499643552e-06;1,64051168818853e-07;3,80054727880815e-06
"mv_status07__min_3";2,08506442235907e-06;8,61925462487205e-08;1,90027363940407e-06
"mv_status04_lag1";1,93259864580454e-06;4,546084740198e-07;3,80054727880815e-06
"mv_status01__min_12";1,53418305230763e-06;1,90301615876969e-06;5,70082091821222e-06
"Visa_status__min_3";1,4369916557545e-06;3,26859311733103e-08;1,90027363940407e-06
"mtransferencias_recibidas__min_12";1,37342642793612e-06;2,01559475490248e-06;5,70082091821222e-06
"mv_status02__min_12";1,08146755450745e-06;1,4921960972984e-07;3,80054727880815e-06
"tcallcenter__min_12";6,43693585220256e-07;6,63626104937666e-06;1,90027363940407e-06
"mv_status06_lag1";5,46804140990555e-07;5,29274780062202e-07;1,90027363940407e-06
