mes_aplicacion,semilla_undersampling,semilla_public,ganancia_public_inalcanzable,probabilidad_corte,ganancia_public,ganancia_private,ganancia_completa
202003,102191,904147,4451250,0.64,4320000,3788438,3894750
202003,102191,976091,4597500,0.69,4338750,3756562,3873000
202003,102191,910661,3577500,0.64,3468750,4001250,3894750
202003,102191,242197,3633750,0.66,3521250,3977812,3886500
202003,102191,847519,4072500,0.54,4072500,3806250,3859500
202003,102191,226099,4563750,0.63,4563750,3763125,3923250
202003,102191,699493,3041250,0.69,3041250,4080938,3873000
202003,102191,275339,3930000,0.44,3783750,3766875,3770250
202003,102191,751423,3847500,0.44,3757500,3773438,3770250
202003,102191,844523,5321250,0.63,5321250,3573750,3923250
202003,102191,577531,5006250,0.7,5006250,3357188,3687000
202003,102191,955139,4852500,0.49,4852500,3825938,4031250
202003,102191,929311,4961250,0.47,4882500,3677812,3918750
202003,102191,923441,4065000,0.55,4065000,3769688,3828750
202003,102191,372847,2876250,0.67,2816250,4147500,3881250
202003,102191,778187,4211250,0.48,4151250,3945938,3987000
202003,102191,102913,4425000,0.41,4106250,3594375,3696750
202003,102191,923179,4387500,0.64,4387500,3771562,3894750
202003,102191,356929,4068750,0.68,4068750,3903750,3936750
202003,102191,488617,4275000,0.52,4275000,3920625,3991500
202003,102191,579869,2610000,0.72,2595000,3801562,3560250
202003,102191,869299,3870000,0.49,3862500,4073438,4031250
202003,102191,702469,4185000,0.49,4110000,4011562,4031250
202003,102191,877367,4837500,0.5,4837500,3833438,4034250
202003,102191,737281,4260000,0.52,4211250,3936562,3991500
202003,102191,659473,3817500,0.66,3671250,3940312,3886500
202003,102191,370399,3738750,0.68,3633750,4012500,3936750
202003,102191,561529,4642500,0.41,4601250,3470625,3696750
202003,102191,813199,3892500,0.51,3817500,4099688,4043250
202003,102191,128969,5175000,0.5,5126250,3761250,4034250
202003,102191,242377,4893750,0.5,4500000,3917812,4034250
202003,102191,906823,3971250,0.7,3971250,3615938,3687000
202003,102191,461603,4155000,0.67,4020000,3846562,3881250
202003,102191,590963,5246250,0.51,5246250,3742500,4043250
202003,102191,366217,3303750,0.62,3303750,4062188,3910500
202003,102191,780631,2835000,0.64,2741250,4183125,3894750
202003,102191,902179,5643750,0.52,5643750,3578438,3991500
202003,102191,651029,3877500,0.42,3877500,3698438,3734250
202003,102191,511691,3701250,0.7,3551250,3720938,3687000
202003,102191,259387,4702500,0.4,4695000,3403125,3661500
202003,102191,221071,4008750,0.47,3720000,3968438,3918750
202003,102191,538301,4740000,0.49,4740000,3854062,4031250
202003,102191,706913,4590000,0.52,4541250,3854062,3991500
202003,102191,212999,5073750,0.68,5073750,3652500,3936750
202003,102191,647321,3498750,0.45,3367500,3895312,3789750
202003,102191,167623,4770000,0.52,4713750,3810938,3991500
202003,102191,222163,4342500,0.5,4226250,3986250,4034250
202003,102191,920687,4455000,0.69,4455000,3727500,3873000
202003,102191,167213,4953750,0.63,4736250,3720000,3923250
202003,102191,325673,3765000,0.48,3765000,4042500,3987000
202003,102191,132233,4260000,0.65,4173750,3798750,3873750
202003,102191,284227,3363750,0.52,3363750,4148438,3991500
202003,102191,876181,2748750,0.54,2748750,4137188,3859500
202003,102191,978233,4533750,0.42,4462500,3552188,3734250
202003,102191,355457,5231250,0.49,5231250,3731250,4031250
202003,102191,641513,4691250,0.47,4691250,3725625,3918750
202003,102191,737969,5313750,0.58,5141250,3461250,3797250
202003,102191,838139,4143750,0.68,4143750,3885000,3936750
202003,102191,544759,4181250,0.48,4065000,3967500,3987000
202003,102191,617791,4878750,0.51,4792500,3855938,4043250
202003,102191,577169,3937500,0.57,3862500,3864375,3864000
202003,102191,414241,5853750,0.61,5726250,3380625,3849750
202003,102191,415823,3697500,0.44,3570000,3820312,3770250
202003,102191,992917,4211250,0.49,4211250,3986250,4031250
202003,102191,433861,5208750,0.52,5137500,3705000,3991500
202003,102191,730421,4200000,0.52,4200000,3939375,3991500
202003,102191,586237,4166250,0.49,3945000,4052812,4031250
202003,102191,123701,4128750,0.65,4042500,3831562,3873750
202003,102191,221077,4526250,0.66,4440000,3748125,3886500
202003,102191,476167,4672500,0.51,4571250,3911250,4043250
202003,102191,794569,3817500,0.53,3731250,3901875,3867750
202003,102191,380909,4878750,0.47,4803750,3697500,3918750
202003,102191,631039,4698750,0.65,4462500,3726562,3873750
202003,102191,862541,3948750,0.62,3877500,3918750,3910500
202003,102191,260551,5088750,0.48,5047500,3721875,3987000
202003,102191,219983,3990000,0.63,3990000,3906562,3923250
202003,102191,217121,4901250,0.64,4878750,3648750,3894750
202003,102191,976957,4492500,0.51,4395000,3955312,4043250
202003,102191,432559,4001250,0.47,3810000,3945938,3918750
202003,102191,628861,4492500,0.49,4432500,3930938,4031250
202003,102191,944297,5306250,0.63,5306250,3577500,3923250
202003,102191,236627,3480000,0.58,3360000,3906562,3797250
202003,102191,546613,4140000,0.68,4140000,3885938,3936750
202003,102191,493123,3888750,0.68,3888750,3948750,3936750
202003,102191,618841,3858750,0.5,3858750,4078125,4034250
202003,102191,289031,3772500,0.7,3633750,3700312,3687000
202003,102191,627091,5505000,0.69,5505000,3465000,3873000
202003,102191,990719,3806250,0.51,3693750,4130625,4043250
202003,102191,461921,4008750,0.66,3828750,3900938,3886500
202003,102191,216803,4938750,0.4,4818750,3372188,3661500
202003,102191,615101,5313750,0.48,5265000,3667500,3987000
202003,102191,482117,3487500,0.51,3431250,4196250,4043250
202003,102191,358243,4005000,0.42,3978750,3673125,3734250
202003,102191,981983,4477500,0.6,4331250,3637500,3776250
202003,102191,712883,5178750,0.52,5178750,3694688,3991500
202003,102191,213173,3618750,0.49,3547500,4152188,4031250
202003,102191,400249,3277500,0.66,3232500,4050000,3886500
202003,102191,953501,5017500,0.69,4972500,3598125,3873000
202003,102191,624203,3948750,0.52,3948750,4002188,3991500
202003,102191,656273,4226250,0.69,4207500,3789375,3873000
202002,102191,904147,8700000,0.42,8700000,8177812,8282250
202002,102191,976091,8268750,0.53,8043750,7955625,7973250
202002,102191,910661,7518750,0.43,7488750,8445938,8254500
202002,102191,242197,9011250,0.48,9011250,8136562,8311500
202002,102191,847519,8508750,0.49,8302500,8251875,8262000
202002,102191,226099,8392500,0.48,8392500,8291250,8311500
202002,102191,699493,8553750,0.51,8553750,8070000,8166750
202002,102191,275339,8340000,0.64,8100000,6946875,7177500
202002,102191,751423,8272500,0.51,8220000,8153438,8166750
202002,102191,844523,9603750,0.45,9603750,8001562,8322000
202002,102191,577531,8036250,0.44,7923750,8426250,8325750
202002,102191,955139,8613750,0.45,8508750,8275312,8322000
202002,102191,929311,9630000,0.45,9630000,7995000,8322000
202002,102191,923441,8812500,0.47,8812500,8245312,8358750
202002,102191,372847,7638750,0.35,7470000,8054062,7937250
202002,102191,778187,8246250,0.47,8085000,8427188,8358750
202002,102191,102913,9907500,0.44,9907500,7930312,8325750
202002,102191,923179,8448750,0.5,8448750,8157188,8215500
202002,102191,356929,8475000,0.46,8426250,8245312,8281500
202002,102191,488617,8152500,0.37,7920000,8033438,8010750
202002,102191,579869,9491250,0.43,9491250,7945312,8254500
202002,102191,869299,7413750,0.36,7413750,8152500,8004750
202002,102191,702469,8167500,0.46,8073750,8333438,8281500
202002,102191,877367,9240000,0.47,9183750,8152500,8358750
202002,102191,737281,9615000,0.5,9592500,7871250,8215500
202002,102191,659473,8820000,0.45,8771250,8209688,8322000
202002,102191,370399,8497500,0.54,8490000,7835625,7966500
202002,102191,561529,8190000,0.49,8096250,8303438,8262000
202002,102191,813199,8805000,0.48,8677500,8220000,8311500
202002,102191,128969,8092500,0.42,8006250,8351250,8282250
202002,102191,242377,8426250,0.47,8426250,8341875,8358750
202002,102191,906823,8602500,0.49,8550000,8190000,8262000
202002,102191,461603,7683750,0.36,7683750,8085000,8004750
202002,102191,590963,8430000,0.54,8253750,7894688,7966500
202002,102191,366217,8805000,0.37,8190000,7965938,8010750
202002,102191,780631,9198750,0.47,9018750,8193750,8358750
202002,102191,902179,8028750,0.46,8006250,8350312,8281500
202002,102191,651029,9633750,0.42,9600000,7952812,8282250
202002,102191,511691,8122500,0.45,7980000,8407500,8322000
202002,102191,259387,7867500,0.44,7822500,8451562,8325750
202002,102191,221071,8745000,0.38,8745000,7798125,7987500
202002,102191,538301,9236250,0.36,9138750,7721250,8004750
202002,102191,706913,7443750,0.42,7443750,8491875,8282250
202002,102191,212999,8685000,0.5,8685000,8098125,8215500
202002,102191,647321,7927500,0.42,7860000,8387812,8282250
202002,102191,167623,7811250,0.42,7803750,8401875,8282250
202002,102191,222163,8883750,0.52,8883750,8038125,8207250
202002,102191,920687,9765000,0.43,9750000,7880625,8254500
202002,102191,167213,7950000,0.44,7785000,8460938,8325750
202002,102191,325673,8688750,0.5,8670000,8101875,8215500
202002,102191,132233,9206250,0.43,9093750,8044688,8254500
202002,102191,284227,8422500,0.43,8167500,8276250,8254500
202002,102191,876181,9446250,0.47,9446250,8086875,8358750
202002,102191,978233,8493750,0.48,8411250,8286562,8311500
202002,102191,355457,8313750,0.54,8220000,7903125,7966500
202002,102191,641513,9457500,0.47,9457500,8084062,8358750
202002,102191,737969,7005000,0.51,6870000,8490938,8166750
202002,102191,838139,8257500,0.49,8137500,8293125,8262000
202002,102191,544759,7646250,0.5,7646250,8357812,8215500
202002,102191,617791,8628750,0.43,8493750,8194688,8254500
202002,102191,577169,8392500,0.42,8295000,8279062,8282250
202002,102191,414241,7950000,0.46,7766250,8410312,8281500
202002,102191,415823,8797500,0.49,8797500,8128125,8262000
202002,102191,992917,7601250,0.51,7601250,8308125,8166750
202002,102191,433861,8310000,0.41,8178750,8123438,8134500
202002,102191,730421,8733750,0.46,8733750,8168438,8281500
202002,102191,586237,9067500,0.47,8973750,8205000,8358750
202002,102191,123701,8775000,0.49,8775000,8133750,8262000
202002,102191,221077,8801250,0.44,8707500,8230312,8325750
202002,102191,476167,9243750,0.52,9221250,7953750,8207250
202002,102191,794569,9435000,0.45,9435000,8043750,8322000
202002,102191,380909,8017500,0.38,8006250,7982812,7987500
202002,102191,631039,9161250,0.46,9060000,8086875,8281500
202002,102191,862541,8730000,0.5,8520000,8139375,8215500
202002,102191,260551,9281250,0.4,9251250,7822500,8108250
202002,102191,219983,7841250,0.44,7683750,8486250,8325750
202002,102191,217121,8550000,0.52,8550000,8121562,8207250
202002,102191,976957,8812500,0.52,8782500,8063438,8207250
202002,102191,432559,7608750,0.37,7541250,8128125,8010750
202002,102191,628861,8032500,0.52,7942500,8273438,8207250
202002,102191,944297,8936250,0.47,8936250,8214375,8358750
202002,102191,236627,9225000,0.47,9007500,8196562,8358750
202002,102191,546613,7811250,0.5,7706250,8342812,8215500
202002,102191,493123,7571250,0.61,7503750,7342500,7374750
202002,102191,618841,8793750,0.47,8793750,8250000,8358750
202002,102191,289031,9982500,0.41,9855000,7704375,8134500
202002,102191,627091,7815000,0.43,7815000,8364375,8254500
202002,102191,990719,8801250,0.52,8801250,8058750,8207250
202002,102191,461921,8508750,0.5,8467500,8152500,8215500
202002,102191,216803,7635000,0.53,7353750,8128125,7973250
202002,102191,615101,8358750,0.48,8306250,8312812,8311500
202002,102191,482117,7668750,0.52,7668750,8341875,8207250
202002,102191,358243,8081250,0.45,7886250,8430938,8322000
202002,102191,981983,8246250,0.49,8201250,8277188,8262000
202002,102191,712883,9.00E+06,0.52,8992500,8010938,8207250
202002,102191,213173,9712500,0.52,9712500,7830938,8207250
202002,102191,400249,9063750,0.51,9015000,7954688,8166750
202002,102191,953501,8651250,0.45,8576250,8258438,8322000
202002,102191,624203,9198750,0.58,9198750,7184062,7587000
202002,102191,656273,7815000,0.51,7713750,8280000,8166750
202001,102191,904147,11178750,0.54,11002500,11738438,11591250
202001,102191,976091,12727500,0.5,12543750,11228438,11491500
202001,102191,910661,12063750,0.38,12063750,11679375,11756250
202001,102191,242197,12093750,0.53,12045000,11432812,11555250
202001,102191,847519,11463750,0.4,11167500,11805938,11678250
202001,102191,226099,11670000,0.36,11670000,11696250,11691000
202001,102191,699493,11373750,0.58,11373750,11551875,11516250
202001,102191,275339,11302500,0.37,11302500,11857500,11746500
202001,102191,751423,1.20E+07,0.38,1.20E+07,11695312,11756250
202001,102191,844523,11512500,0.35,11512500,11703750,11665500
202001,102191,577531,12603750,0.37,12457500,11568750,11746500
202001,102191,955139,12240000,0.57,12165000,11402812,11555250
202001,102191,929311,12393750,0.38,12273750,11626875,11756250
202001,102191,923441,12150000,0.55,12150000,11514375,11641500
202001,102191,372847,11021250,0.37,11021250,11927812,11746500
202001,102191,778187,12611250,0.4,12472500,11479688,11678250
202001,102191,102913,13593750,0.58,13593750,10996875,11516250
202001,102191,923179,13871250,0.58,13856250,10931250,11516250
202001,102191,356929,12273750,0.58,12273750,11326875,11516250
202001,102191,488617,12330000,0.44,12135000,11493750,11622000
202001,102191,579869,12423750,0.46,12277500,11441250,11608500
202001,102191,869299,13188750,0.57,13140000,11159062,11555250
202001,102191,702469,11302500,0.36,11302500,11788125,11691000
202001,102191,877367,12506250,0.46,12442500,11400000,11608500
202001,102191,737281,11895000,0.46,11820000,11555625,11608500
202001,102191,659473,10867500,0.39,10608750,12084375,11789250
202001,102191,370399,14058750,0.62,14058750,10749375,11411250
202001,102191,561529,11973750,0.39,11973750,11743125,11789250
202001,102191,813199,12727500,0.42,12566250,11480625,11697750
202001,102191,128969,11808750,0.47,11808750,11545312,11598000
202001,102191,242377,12112500,0.3,11703750,10954688,11104500
202001,102191,906823,12131250,0.37,12123750,11652188,11746500
202001,102191,461603,11370000,0.35,11370000,11739375,11665500
202001,102191,590963,12847500,0.54,12701250,11313750,11591250
202001,102191,366217,12303750,0.42,12303750,11546250,11697750
202001,102191,780631,11561250,0.31,11561250,11159062,11239500
202001,102191,902179,11295000,0.31,11208750,11247188,11239500
202001,102191,651029,11951250,0.48,11895000,11586562,11648250
202001,102191,511691,13076250,0.45,13076250,11161875,11544750
202001,102191,259387,11261250,0.47,11175000,11703750,11598000
202001,102191,221071,12686250,0.37,12626250,11526562,11746500
202001,102191,538301,13357500,0.6,13301250,10969688,11436000
202001,102191,706913,12476250,0.41,12337500,11519062,11682750
202001,102191,212999,12798750,0.52,12798750,11232188,11545500
202001,102191,647321,10875000,0.49,10732500,11751562,11547750
202001,102191,167623,11677500,0.37,11625000,11776875,11746500
202001,102191,222163,13170000,0.56,13166250,11228438,11616000
202001,102191,920687,12768750,0.61,12768750,11080312,11418000
202001,102191,167213,12735000,0.37,12581250,11537812,11746500
202001,102191,325673,12165000,0.38,12135000,11661562,11756250
202001,102191,132233,13001250,0.34,12952500,11182500,11536500
202001,102191,284227,11928750,0.38,11853750,11731875,11756250
202001,102191,876181,9712500,0.39,9712500,12308438,11789250
202001,102191,978233,12078750,0.38,11902500,11719688,11756250
202001,102191,355457,12517500,0.35,12517500,11452500,11665500
202001,102191,641513,12427500,0.39,12221250,11681250,11789250
202001,102191,737969,13207500,0.58,12986250,11148750,11516250
202001,102191,838139,11013750,0.36,10968750,11871562,11691000
202001,102191,544759,12513750,0.46,12513750,11382188,11608500
202001,102191,617791,12063750,0.55,12063750,11535938,11641500
202001,102191,577169,12941250,0.37,12720000,11503125,11746500
202001,102191,414241,11977500,0.61,11767500,11330625,11418000
202001,102191,415823,11670000,0.39,11670000,11819062,11789250
202001,102191,992917,11831250,0.48,11831250,11602500,11648250
202001,102191,433861,11610000,0.39,11242500,11925938,11789250
202001,102191,730421,12120000,0.44,12120000,11497500,11622000
202001,102191,586237,12491250,0.56,12491250,11397188,11616000
202001,102191,123701,12528750,0.63,12528750,11054062,11349000
202001,102191,221077,11910000,0.56,11910000,11542500,11616000
202001,102191,476167,10991250,0.6,10818750,11590312,11436000
202001,102191,794569,11291250,0.38,11081250,11925000,11756250
202001,102191,380909,12007500,0.48,12007500,11558438,11648250
202001,102191,631039,11426250,0.56,11362500,11679375,11616000
202001,102191,862541,12397500,0.47,12270000,11430000,11598000
202001,102191,260551,12573750,0.46,12502500,11385000,11608500
202001,102191,219983,11100000,0.35,10987500,11835000,11665500
202001,102191,217121,13001250,0.37,13001250,11432812,11746500
202001,102191,976957,11546250,0.38,11478750,11825625,11756250
202001,102191,432559,11407500,0.61,11407500,11420625,11418000
202001,102191,628861,11898750,0.54,11692500,11565938,11591250
202001,102191,944297,13005000,0.35,12825000,11375625,11665500
202001,102191,236627,1.20E+07,0.53,11928750,11461875,11555250
202001,102191,546613,12780000,0.43,12780000,11332500,11622000
202001,102191,493123,12183750,0.5,11906250,11387812,11491500
202001,102191,618841,12146250,0.42,12146250,11585625,11697750
202001,102191,289031,11790000,0.58,11730000,11462812,11516250
202001,102191,627091,12116250,0.43,12116250,11498438,11622000
202001,102191,990719,12142500,0.43,12090000,11505000,11622000
202001,102191,461921,11321250,0.61,11088750,11500312,11418000
202001,102191,216803,12573750,0.61,12465000,11156250,11418000
202001,102191,615101,12015000,0.54,11943750,11503125,11591250
202001,102191,482117,13507500,0.34,13263750,11104688,11536500
202001,102191,358243,10781250,0.37,10710000,12005625,11746500
202001,102191,981983,11902500,0.38,11816250,11741250,11756250
202001,102191,712883,11313750,0.64,11313750,11216250,11235750
202001,102191,213173,12191250,0.56,11970000,11527500,11616000
202001,102191,400249,11302500,0.38,11010000,11942812,11756250
202001,102191,953501,11988750,0.39,11988750,11739375,11789250
202001,102191,624203,12682500,0.39,12611250,11583750,11789250
202001,102191,656273,12596250,0.39,12596250,11587500,11789250
201912,102191,904147,17351250,0.37,17332500,15142500,15580500
201912,102191,976091,16185000,0.46,16113750,15339375,15494250
201912,102191,910661,15757500,0.43,15532500,15579375,15570000
201912,102191,242197,15686250,0.41,15281250,15600938,15537000
201912,102191,847519,15472500,0.3,15472500,15140625,15207000
201912,102191,226099,16260000,0.42,16256250,15390000,15563250
201912,102191,699493,15603750,0.41,15498750,15546562,15537000
201912,102191,275339,15086250,0.35,15086250,15644062,15532500
201912,102191,751423,16788750,0.39,16762500,15326250,15613500
201912,102191,844523,17201250,0.43,17148750,15175312,15570000
201912,102191,577531,15888750,0.49,15888750,14880938,15082500
201912,102191,955139,15975000,0.34,15802500,15315000,15412500
201912,102191,929311,16331250,0.35,16331250,15332812,15532500
201912,102191,923441,15731250,0.38,15731250,15640312,15658500
201912,102191,372847,16533750,0.45,16515000,15250312,15503250
201912,102191,778187,16271250,0.46,16271250,15300000,15494250
201912,102191,102913,16327500,0.35,16327500,15333750,15532500
201912,102191,923179,15236250,0.45,15120000,15599062,15503250
201912,102191,356929,17452500,0.45,17445000,15017812,15503250
201912,102191,488617,15907500,0.44,15851250,15429375,15513750
201912,102191,579869,16166250,0.31,16031250,15069375,15261750
201912,102191,869299,15161250,0.56,15131250,14335312,14494500
201912,102191,702469,16931250,0.51,16920000,14484375,14971500
201912,102191,877367,15243750,0.46,15232500,15559688,15494250
201912,102191,737281,17523750,0.44,17497500,15017812,15513750
201912,102191,659473,14947500,0.46,14947500,15630938,15494250
201912,102191,370399,16668750,0.39,16668750,15349688,15613500
201912,102191,561529,15330000,0.41,15232500,15613125,15537000
201912,102191,813199,16848750,0.36,16661250,15166875,15465750
201912,102191,128969,15705000,0.38,15705000,15646875,15658500
201912,102191,242377,15487500,0.45,15487500,15507188,15503250
201912,102191,906823,16413750,0.38,16320000,15493125,15658500
201912,102191,461603,15168750,0.4,15168750,15717188,15607500
201912,102191,590963,15851250,0.36,15851250,15369375,15465750
201912,102191,366217,14126250,0.45,14103750,15853125,15503250
201912,102191,780631,16158750,0.4,16158750,15469688,15607500
201912,102191,902179,17178750,0.31,17178750,14782500,15261750
201912,102191,651029,15018750,0.4,15011250,15756562,15607500
201912,102191,511691,16173750,0.4,16008750,15507188,15607500
201912,102191,259387,14741250,0.45,14718750,15699375,15503250
201912,102191,221071,15011250,0.42,15011250,15701250,15563250
201912,102191,538301,14512500,0.36,14280000,15762188,15465750
201912,102191,706913,15048750,0.39,15022500,15761250,15613500
201912,102191,212999,15307500,0.42,15307500,15627188,15563250
201912,102191,647321,15817500,0.46,15817500,15413438,15494250
201912,102191,167623,16578750,0.4,16361250,15419062,15607500
201912,102191,222163,16747500,0.46,16747500,15180938,15494250
201912,102191,920687,16473750,0.44,16271250,15324375,15513750
201912,102191,167213,16237500,0.42,16117500,15424688,15563250
201912,102191,325673,14632500,0.32,14632500,15526875,15348000
201912,102191,132233,14996250,0.29,14996250,15060938,15048000
201912,102191,284227,15022500,0.34,14902500,15540000,15412500
201912,102191,876181,15521250,0.42,15386250,15607500,15563250
201912,102191,978233,15172500,0.42,15093750,15680625,15563250
201912,102191,355457,14778750,0.38,14696250,15899062,15658500
201912,102191,641513,13890000,0.43,13890000,15990000,15570000
201912,102191,737969,17276250,0.42,17175000,15160312,15563250
201912,102191,838139,14115000,0.31,13961250,15586875,15261750
201912,102191,544759,14666250,0.29,14471250,15192188,15048000
201912,102191,617791,15135000,0.45,14936250,15645000,15503250
201912,102191,577169,14771250,0.38,14737500,15888750,15658500
201912,102191,414241,17167500,0.39,17167500,15225000,15613500
201912,102191,415823,14827500,0.29,14523750,15179062,15048000
201912,102191,992917,15967500,0.41,15967500,15429375,15537000
201912,102191,433861,16833750,0.39,16736250,15332812,15613500
201912,102191,730421,15712500,0.43,15712500,15534375,15570000
201912,102191,586237,16762500,0.38,16736250,15389062,15658500
201912,102191,123701,14913750,0.32,14853750,15471562,15348000
201912,102191,221077,14546250,0.44,14508750,15765000,15513750
201912,102191,476167,15795000,0.38,15795000,15624375,15658500
201912,102191,794569,15165000,0.37,15030000,15718125,15580500
201912,102191,380909,15817500,0.4,15817500,15555000,15607500
201912,102191,631039,16991250,0.35,16991250,15167812,15532500
201912,102191,862541,15540000,0.44,15528750,15510000,15513750
201912,102191,260551,14643750,0.37,14643750,15814688,15580500
201912,102191,219983,16563750,0.45,16541250,15243750,15503250
201912,102191,217121,16380000,0.46,16380000,15272812,15494250
201912,102191,976957,15277500,0.42,15277500,15634688,15563250
201912,102191,432559,17501250,0.45,17501250,15003750,15503250
201912,102191,628861,16132500,0.47,16050000,15151875,15331500
201912,102191,944297,15543750,0.36,15296250,15508125,15465750
201912,102191,236627,16545000,0.41,16428750,15314062,15537000
201912,102191,546613,16695000,0.39,16593750,15368438,15613500
201912,102191,493123,15671250,0.47,15645000,15253125,15331500
201912,102191,618841,17006250,0.37,16683750,15304688,15580500
201912,102191,289031,15502500,0.25,15363750,14483438,14659500
201912,102191,627091,16252500,0.34,16181250,15220312,15412500
201912,102191,990719,16432500,0.37,16211250,15422812,15580500
201912,102191,461921,16653750,0.4,16526250,15377812,15607500
201912,102191,216803,15146250,0.35,15146250,15629062,15532500
201912,102191,615101,16428750,0.42,16113750,15425625,15563250
201912,102191,482117,15502500,0.46,15502500,15492188,15494250
201912,102191,358243,15663750,0.47,15663750,15248438,15331500
201912,102191,981983,15521250,0.38,15521250,15692812,15658500
201912,102191,712883,15630000,0.38,15427500,15716250,15658500
201912,102191,213173,16245000,0.44,16245000,15330938,15513750
201912,102191,400249,16593750,0.4,16593750,15360938,15607500
201912,102191,953501,17917500,0.46,17883750,14896875,15494250
201912,102191,624203,15052500,0.44,14902500,15666562,15513750
201912,102191,656273,15153750,0.46,15097500,15593438,15494250
201911,102191,904147,13121250,0.47,13121250,12367500,12518250
201911,102191,976091,13833750,0.31,13781250,12299062,12595500
201911,102191,910661,13983750,0.38,13980000,12409688,12723750
201911,102191,242197,13743750,0.34,13575000,12440625,12667500
201911,102191,847519,13110000,0.52,12956250,12487500,12581250
201911,102191,226099,12135000,0.49,11928750,12707812,12552000
201911,102191,699493,13773750,0.39,13428750,12533438,12712500
201911,102191,275339,11265000,0.52,10908750,12999375,12581250
201911,102191,751423,13252500,0.35,13252500,12570938,12707250
201911,102191,844523,13046250,0.36,13046250,12742500,12803250
201911,102191,577531,12986250,0.43,12986250,12483750,12584250
201911,102191,955139,12705000,0.39,12690000,12718125,12712500
201911,102191,929311,14141250,0.27,14141250,12165000,12560250
201911,102191,923441,12262500,0.34,12232500,12776250,12667500
201911,102191,372847,13312500,0.25,13312500,12122812,12360750
201911,102191,778187,13927500,0.43,13860000,12265312,12584250
201911,102191,102913,12708750,0.36,12708750,12826875,12803250
201911,102191,923179,12461250,0.42,12435000,12569062,12542250
201911,102191,356929,11790000,0.52,11790000,12779062,12581250
201911,102191,488617,11546250,0.44,11531250,12789375,12537750
201911,102191,579869,12971250,0.57,12971250,11493750,11789250
201911,102191,869299,14051250,0.41,13860000,12335625,12640500
201911,102191,702469,13890000,0.36,13890000,12531562,12803250
201911,102191,877367,13710000,0.25,13485000,12079688,12360750
201911,102191,737281,12318750,0.38,12213750,12851250,12723750
201911,102191,659473,12697500,0.24,12311250,12359062,12349500
201911,102191,370399,13770000,0.29,13770000,12178125,12496500
201911,102191,561529,12086250,0.28,12086250,12525000,12437250
201911,102191,813199,12217500,0.41,12217500,12746250,12640500
201911,102191,128969,12761250,0.23,12547500,12184688,12257250
201911,102191,242377,12300000,0.39,12300000,12815625,12712500
201911,102191,906823,13582500,0.44,13582500,12276562,12537750
201911,102191,461603,12660000,0.36,12660000,12839062,12803250
201911,102191,590963,13657500,0.46,13560000,12311250,12561000
201911,102191,366217,13016250,0.36,12911250,12776250,12803250
201911,102191,780631,12798750,0.38,12693750,12731250,12723750
201911,102191,902179,15041250,0.36,15041250,12243750,12803250
201911,102191,651029,15015000,0.49,14658750,12025312,12552000
201911,102191,511691,12630000,0.49,12480000,12570000,12552000
201911,102191,259387,13241250,0.41,13241250,12490312,12640500
201911,102191,221071,12765000,0.29,12615000,12466875,12496500
201911,102191,538301,12333750,0.36,12333750,12920625,12803250
201911,102191,706913,12176250,0.51,12086250,12578438,12480000
201911,102191,212999,13395000,0.31,13350000,12406875,12595500
201911,102191,647321,13593750,0.52,13593750,12328125,12581250
201911,102191,167623,12892500,0.33,12570000,12508125,12520500
201911,102191,222163,12862500,0.39,12480000,12770625,12712500
201911,102191,920687,14133750,0.48,14133750,12128438,12529500
201911,102191,167213,13713750,0.31,13398750,12394688,12595500
201911,102191,325673,14130000,0.38,13953750,12416250,12723750
201911,102191,132233,13387500,0.37,13383750,12576562,12738000
201911,102191,284227,13413750,0.52,13413750,12373125,12581250
201911,102191,876181,12543750,0.39,12397500,12791250,12712500
201911,102191,978233,12247500,0.49,12247500,12628125,12552000
201911,102191,355457,13653750,0.35,13511250,12506250,12707250
201911,102191,641513,12723750,0.33,12667500,12483750,12520500
201911,102191,737969,12273750,0.54,12202500,12322500,12298500
201911,102191,838139,12671250,0.29,12611250,12467812,12496500
201911,102191,544759,12825000,0.46,12825000,12495000,12561000
201911,102191,617791,11565000,0.35,11310000,13056562,12707250
201911,102191,577169,13916250,0.26,13916250,12075000,12443250
201911,102191,414241,13522500,0.38,13507500,12527812,12723750
201911,102191,415823,13702500,0.36,13702500,12578438,12803250
201911,102191,992917,12570000,0.52,11898750,12751875,12581250
201911,102191,433861,12341250,0.52,11985000,12730312,12581250
201911,102191,730421,13140000,0.26,13012500,12300938,12443250
201911,102191,586237,11002500,0.36,11002500,13253438,12803250
201911,102191,123701,14827500,0.49,14726250,12008438,12552000
201911,102191,221077,13638750,0.39,13638750,12480938,12712500
201911,102191,476167,12708750,0.52,12708750,12549375,12581250
201911,102191,794569,13008750,0.49,12765000,12498750,12552000
201911,102191,380909,14122500,0.5,13953750,12122812,12489000
201911,102191,631039,14062500,0.35,13856250,12420000,12707250
201911,102191,862541,13616250,0.32,13485000,12334688,12564750
201911,102191,260551,12907500,0.52,12907500,12499688,12581250
201911,102191,219983,13965000,0.37,13957500,12433125,12738000
201911,102191,217121,13147500,0.48,12847500,12450000,12529500
201911,102191,976957,14463750,0.38,14463750,12288750,12723750
201911,102191,432559,12067500,0.45,11951250,12635625,12498750
201911,102191,628861,12363750,0.52,12363750,12635625,12581250
201911,102191,944297,14133750,0.44,14118750,12142500,12537750
201911,102191,236627,12633750,0.53,12633750,12329062,12390000
201911,102191,546613,11715000,0.28,11640000,12636562,12437250
201911,102191,493123,13878750,0.39,13623750,12484688,12712500
201911,102191,618841,14160000,0.43,13991250,12232500,12584250
201911,102191,289031,12311250,0.42,12311250,12600000,12542250
201911,102191,627091,12018750,0.43,12003750,12729375,12584250
201911,102191,990719,13455000,0.52,13417500,12372188,12581250
201911,102191,461921,11565000,0.52,11565000,12835312,12581250
201911,102191,216803,13706250,0.29,13537500,12236250,12496500
201911,102191,615101,12506250,0.52,11782500,12780938,12581250
201911,102191,482117,12618750,0.46,12281250,12630938,12561000
201911,102191,358243,13395000,0.37,13260000,12607500,12738000
201911,102191,981983,14025000,0.44,13792500,12224062,12537750
201911,102191,712883,12105000,0.38,11992500,12906562,12723750
201911,102191,213173,12543750,0.38,12408750,12802500,12723750
201911,102191,400249,13582500,0.36,13496250,12630000,12803250
201911,102191,953501,12888750,0.39,12873750,12672188,12712500
201911,102191,624203,12213750,0.36,12213750,12950625,12803250
201911,102191,656273,12577500,0.39,12577500,12746250,12712500
201910,102191,904147,13211250,0.28,13177500,13845938,13712250
201910,102191,976091,15461250,0.29,15461250,13320938,13749000
201910,102191,910661,14257500,0.36,14238750,13353750,13530750
201910,102191,242197,14955000,0.37,14445000,13273125,13507500
201910,102191,847519,13661250,0.48,13350000,12989062,13061250
201910,102191,226099,13713750,0.32,13683750,13785938,13765500
201910,102191,699493,14448750,0.3,14448750,13664062,13821000
201910,102191,275339,12416250,0.36,12296250,13839375,13530750
201910,102191,751423,14006250,0.31,13845000,13824375,13828500
201910,102191,844523,13938750,0.29,13938750,13701562,13749000
201910,102191,577531,15585000,0.41,13908750,13147500,13299750
201910,102191,955139,14388750,0.34,14388750,13397812,13596000
201910,102191,929311,14711250,0.36,14523750,13282500,13530750
201910,102191,923441,14418750,0.38,14152500,13317188,13484250
201910,102191,372847,13710000,0.4,13616250,13295625,13359750
201910,102191,778187,14478750,0.41,14295000,13050938,13299750
201910,102191,102913,14370000,0.25,14253750,13297500,13488750
201910,102191,923179,14775000,0.32,14775000,13513125,13765500
201910,102191,356929,13983750,0.37,13522500,13503750,13507500
201910,102191,488617,13631250,0.29,13320000,13856250,13749000
201910,102191,579869,13462500,0.32,13462500,13841250,13765500
201910,102191,869299,14332500,0.28,14197500,13590938,13712250
201910,102191,702469,14043750,0.28,13811250,13687500,13712250
201910,102191,877367,11752500,0.33,11718750,14175938,13684500
201910,102191,737281,14400000,0.31,14175000,13741875,13828500
201910,102191,659473,14246250,0.32,14171250,13664062,13765500
201910,102191,370399,14797500,0.47,14471250,12694688,13050000
201910,102191,561529,15296250,0.31,15296250,13461562,13828500
201910,102191,813199,13991250,0.36,13980000,13418438,13530750
201910,102191,128969,14415000,0.29,14366250,13594688,13749000
201910,102191,242377,13706250,0.35,13661250,13491562,13525500
201910,102191,906823,14711250,0.27,14662500,13367812,13626750
201910,102191,461603,14460000,0.27,14460000,13418438,13626750
201910,102191,590963,13680000,0.27,13477500,13664062,13626750
201910,102191,366217,13256250,0.27,13256250,13719375,13626750
201910,102191,780631,14568750,0.23,14358750,12883125,13178250
201910,102191,902179,14790000,0.3,14790000,13578750,13821000
201910,102191,651029,14066250,0.27,14043750,13522500,13626750
201910,102191,511691,15581250,0.35,15352500,13068750,13525500
201910,102191,259387,14103750,0.37,13848750,13422188,13507500
201910,102191,221071,14831250,0.35,14692500,13233750,13525500
201910,102191,538301,14820000,0.31,14808750,13583438,13828500
201910,102191,706913,14197500,0.27,13766250,13591875,13626750
201910,102191,212999,12866250,0.31,12750000,14098125,13828500
201910,102191,647321,13608750,0.28,13391250,13792500,13712250
201910,102191,167623,13882500,0.4,13792500,13251562,13359750
201910,102191,222163,14163750,0.34,14160000,13455000,13596000
201910,102191,920687,13691250,0.32,13530000,13824375,13765500
201910,102191,167213,15221250,0.4,15052500,12936562,13359750
201910,102191,325673,13421250,0.51,13421250,12783750,12911250
201910,102191,132233,14171250,0.34,13987500,13498125,13596000
201910,102191,284227,13920000,0.37,13751250,13446562,13507500
201910,102191,876181,13601250,0.33,13346250,13769062,13684500
201910,102191,978233,13515000,0.35,13413750,13553438,13525500
201910,102191,355457,13357500,0.38,13357500,13515938,13484250
201910,102191,641513,13860000,0.29,13860000,13721250,13749000
201910,102191,737969,13290000,0.39,13282500,13501875,13458000
201910,102191,838139,12765000,0.33,12540000,13970625,13684500
201910,102191,544759,14032500,0.25,14032500,13352812,13488750
201910,102191,617791,14175000,0.38,14175000,13311562,13484250
201910,102191,577169,14336250,0.5,14261250,12619688,12948000
201910,102191,414241,15176250,0.31,15176250,13491562,13828500
201910,102191,415823,15176250,0.39,15176250,13028438,13458000
201910,102191,992917,15288750,0.31,15075000,13516875,13828500
201910,102191,433861,13541250,0.33,13406250,13754062,13684500
201910,102191,730421,13631250,0.3,13567500,13884375,13821000
201910,102191,586237,14103750,0.38,13976250,13361250,13484250
201910,102191,123701,13597500,0.28,13398750,13790625,13712250
201910,102191,221077,14602500,0.29,14602500,13535625,13749000
201910,102191,476167,14343750,0.28,14343750,13554375,13712250
201910,102191,794569,13845000,0.32,13845000,13745625,13765500
201910,102191,380909,12112500,0.36,11846250,13951875,13530750
201910,102191,631039,14040000,0.41,13886250,13153125,13299750
201910,102191,862541,14985000,0.3,14985000,13530000,13821000
201910,102191,260551,14763750,0.35,14415000,13303125,13525500
201910,102191,219983,14546250,0.3,14520000,13646250,13821000
201910,102191,217121,14287500,0.34,14025000,13488750,13596000
201910,102191,976957,13698750,0.37,13698750,13459688,13507500
201910,102191,432559,13710000,0.4,13567500,13307812,13359750
201910,102191,628861,13376250,0.32,13192500,13908750,13765500
201910,102191,944297,12907500,0.35,12247500,13845000,13525500
201910,102191,236627,13275000,0.39,13012500,13569375,13458000
201910,102191,546613,14212500,0.3,14212500,13723125,13821000
201910,102191,493123,15161250,0.32,15161250,13416562,13765500
201910,102191,618841,13391250,0.28,13391250,13792500,13712250
201910,102191,289031,14527500,0.37,14482500,13263750,13507500
201910,102191,627091,15195000,0.37,15067500,13117500,13507500
201910,102191,990719,13653750,0.37,13466250,13517812,13507500
201910,102191,461921,14493750,0.3,14493750,13652812,13821000
201910,102191,216803,14107500,0.41,13672500,13206562,13299750
201910,102191,615101,13226250,0.35,13125000,13625625,13525500
201910,102191,482117,13785000,0.38,13785000,13409062,13484250
201910,102191,358243,14591250,0.32,14583750,13560938,13765500
201910,102191,981983,12975000,0.33,12975000,13861875,13684500
201910,102191,712883,14673750,0.29,14460000,13571250,13749000
201910,102191,213173,14497500,0.27,14497500,13409062,13626750
201910,102191,400249,12090000,0.31,12067500,14268750,13828500
201910,102191,953501,13256250,0.32,13237500,13897500,13765500
201910,102191,624203,13946250,0.35,13530000,13524375,13525500
201910,102191,656273,13860000,0.31,13860000,13820625,13828500
201909,102191,904147,10586250,0.43,10586250,10545938,10554000
201909,102191,976091,11385000,0.47,11272500,10223438,10433250
201909,102191,910661,9648750,0.35,9626250,10550625,10365750
201909,102191,242197,12270000,0.42,12236250,10062188,10497000
201909,102191,847519,10800000,0.41,10800000,10415625,10492500
201909,102191,226099,11958750,0.47,11958750,10051875,10433250
201909,102191,699493,10185000,0.35,9855000,10493438,10365750
201909,102191,275339,10132500,0.44,9753750,10716562,10524000
201909,102191,751423,11977500,0.44,11977500,10160625,10524000
201909,102191,844523,11325000,0.48,11325000,10228125,10447500
201909,102191,577531,9532500,0.4,9532500,10815000,10558500
201909,102191,955139,10282500,0.46,10282500,10624688,10556250
201909,102191,929311,11055000,0.44,11055000,10391250,10524000
201909,102191,923441,10822500,0.44,10683750,10484062,10524000
201909,102191,372847,10755000,0.48,10755000,10370625,10447500
201909,102191,778187,11302500,0.47,11197500,10242188,10433250
201909,102191,102913,10968750,0.43,10968750,10450312,10554000
201909,102191,923179,10481250,0.46,10140000,10660312,10556250
201909,102191,356929,10623750,0.48,10608750,10407188,10447500
201909,102191,488617,12052500,0.39,12052500,10155000,10534500
201909,102191,579869,11583750,0.36,11418750,10124062,10383000
201909,102191,869299,11718750,0.5,11670000,9918750,10269000
201909,102191,702469,10252500,0.38,10252500,10528125,10473000
201909,102191,877367,9738750,0.44,9738750,10720312,10524000
201909,102191,737281,12131250,0.36,11917500,9999375,10383000
201909,102191,659473,10796250,0.44,10796250,10455938,10524000
201909,102191,370399,11497500,0.43,11497500,10318125,10554000
201909,102191,561529,10833750,0.31,10740000,10078125,10210500
201909,102191,813199,10811250,0.43,10807500,10490625,10554000
201909,102191,128969,11647500,0.39,11640000,10258125,10534500
201909,102191,242377,11002500,0.34,11002500,10164375,10332000
201909,102191,906823,12378750,0.43,12311250,10114688,10554000
201909,102191,461603,11216250,0.45,11216250,10295625,10479750
201909,102191,590963,10402500,0.45,10245000,10538438,10479750
201909,102191,366217,10417500,0.35,10417500,10352812,10365750
201909,102191,780631,8868750,0.36,8808750,10776562,10383000
201909,102191,902179,11291250,0.35,11291250,10134375,10365750
201909,102191,651029,11411250,0.53,11051250,9925312,10150500
201909,102191,511691,11572500,0.36,11572500,10085625,10383000
201909,102191,259387,11115000,0.46,11115000,10416562,10556250
201909,102191,221071,11238750,0.46,11238750,10385625,10556250
201909,102191,538301,11370000,0.35,11291250,10134375,10365750
201909,102191,706913,10016250,0.31,10016250,10259062,10210500
201909,102191,212999,8947500,0.42,8647500,10959375,10497000
201909,102191,647321,10245000,0.41,10245000,10554375,10492500
201909,102191,167623,11253750,0.48,10995000,10310625,10447500
201909,102191,222163,11872500,0.49,11872500,9972188,10352250
201909,102191,920687,11205000,0.43,11167500,10400625,10554000
201909,102191,167213,9633750,0.36,9626250,10572188,10383000
201909,102191,325673,12498750,0.41,12348750,10028438,10492500
201909,102191,132233,10938750,0.32,10785000,10076250,10218000
201909,102191,284227,11722500,0.53,11636250,9779062,10150500
201909,102191,876181,10012500,0.46,10012500,10692188,10556250
201909,102191,978233,11178750,0.41,10972500,10372500,10492500
201909,102191,355457,10927500,0.42,10927500,10389375,10497000
201909,102191,641513,10050000,0.43,9945000,10706250,10554000
201909,102191,737969,11898750,0.33,11898750,9810000,10227750
201909,102191,838139,11043750,0.46,11043750,10434375,10556250
201909,102191,544759,9213750,0.33,9213750,10481250,10227750
201909,102191,617791,11865000,0.42,11808750,10169062,10497000
201909,102191,577169,10005000,0.48,9915000,10580625,10447500
201909,102191,414241,11895000,0.44,11786250,10208438,10524000
201909,102191,415823,9547500,0.46,9487500,10823438,10556250
201909,102191,992917,9956250,0.47,9802500,10590938,10433250
201909,102191,433861,10661250,0.39,10271250,10600312,10534500
201909,102191,730421,9821250,0.52,9821250,10301250,10205250
201909,102191,586237,10413750,0.44,10286250,10583438,10524000
201909,102191,123701,11628750,0.5,11628750,9929062,10269000
201909,102191,221077,10061250,0.53,10053750,10174688,10150500
201909,102191,476167,11786250,0.44,11662500,10239375,10524000
201909,102191,794569,11576250,0.48,11576250,10165312,10447500
201909,102191,380909,11741250,0.43,11722500,10261875,10554000
201909,102191,631039,11707500,0.4,11497500,10323750,10558500
201909,102191,862541,10267500,0.43,10102500,10666875,10554000
201909,102191,260551,10507500,0.25,10267500,9106875,9339000
201909,102191,219983,11906250,0.4,11906250,10221562,10558500
201909,102191,217121,10665000,0.43,10481250,10572188,10554000
201909,102191,976957,12311250,0.39,12277500,10098750,10534500
201909,102191,432559,10327500,0.38,10327500,10509375,10473000
201909,102191,628861,10421250,0.5,10402500,10235625,10269000
201909,102191,944297,10500000,0.39,10455000,10554375,10534500
201909,102191,236627,10653750,0.39,10608750,10515938,10534500
201909,102191,546613,11583750,0.44,11178750,10360312,10524000
201909,102191,493123,12247500,0.48,12247500,9997500,10447500
201909,102191,618841,11482500,0.43,11460000,10327500,10554000
201909,102191,289031,10548750,0.44,10451250,10542188,10524000
201909,102191,627091,11321250,0.4,11321250,10367812,10558500
201909,102191,990719,9667500,0.46,9667500,10778438,10556250
201909,102191,461921,10563750,0.37,10440000,10388438,10398750
201909,102191,216803,10650000,0.47,10447500,10429688,10433250
201909,102191,615101,9851250,0.36,9735000,10545000,10383000
201909,102191,482117,9345000,0.41,9333750,10782188,10492500
201909,102191,358243,10755000,0.36,10582500,10333125,10383000
201909,102191,981983,11617500,0.38,11321250,10260938,10473000
201909,102191,712883,10710000,0.46,10710000,10517812,10556250
201909,102191,213173,9873750,0.38,9795000,10642500,10473000
201909,102191,400249,10845000,0.4,10845000,10486875,10558500
201909,102191,953501,9678750,0.39,9660000,10753125,10534500
201909,102191,624203,11636250,0.38,11535000,10207500,10473000
201909,102191,656273,11107500,0.47,11107500,10264688,10433250
201908,102191,904147,14051250,0.44,14051250,12499688,12810000
201908,102191,976091,13717500,0.44,13717500,12583125,12810000
201908,102191,910661,13151250,0.42,13113750,12801562,12864000
201908,102191,242197,12697500,0.35,12611250,12495000,12518250
201908,102191,847519,13451250,0.43,13451250,12775312,12910500
201908,102191,226099,12997500,0.43,12971250,12895312,12910500
201908,102191,699493,12975000,0.37,12926250,12443438,12540000
201908,102191,275339,13556250,0.44,13556250,12623438,12810000
201908,102191,751423,15438750,0.42,15431250,12222188,12864000
201908,102191,844523,13908750,0.44,13886250,12540938,12810000
201908,102191,577531,12562500,0.42,12435000,12971250,12864000
201908,102191,955139,12982500,0.5,12817500,12291562,12396750
201908,102191,929311,13646250,0.26,13368750,11651250,11994750
201908,102191,923441,13845000,0.43,13698750,12713438,12910500
201908,102191,372847,13736250,0.44,13605000,12611250,12810000
201908,102191,778187,12446250,0.41,12446250,12837188,12759000
201908,102191,102913,12588750,0.49,12468750,12350625,12374250
201908,102191,923179,14347500,0.42,14182500,12534375,12864000
201908,102191,356929,12225000,0.36,12123750,12660938,12553500
201908,102191,488617,12757500,0.43,12716250,12959062,12910500
201908,102191,579869,11482500,0.46,11388750,13112812,12768000
201908,102191,869299,12468750,0.45,12468750,12859688,12781500
201908,102191,702469,13192500,0.46,13192500,12661875,12768000
201908,102191,877367,13627500,0.42,13627500,12673125,12864000
201908,102191,737281,11887500,0.42,11685000,13158750,12864000
201908,102191,659473,12510000,0.42,12510000,12952500,12864000
201908,102191,370399,12596250,0.45,12562500,12836250,12781500
201908,102191,561529,12596250,0.43,12596250,12989062,12910500
201908,102191,813199,12558750,0.48,12543750,12525938,12529500
201908,102191,128969,12975000,0.43,12975000,12894375,12910500
201908,102191,242377,12498750,0.44,12153750,12974062,12810000
201908,102191,906823,14175000,0.42,14175000,12536250,12864000
201908,102191,461603,12690000,0.43,12041250,13127812,12910500
201908,102191,590963,11992500,0.34,11797500,12519375,12375000
201908,102191,366217,12427500,0.32,12330000,12279375,12289500
201908,102191,780631,13608750,0.45,13601250,12576562,12781500
201908,102191,902179,11741250,0.43,11553750,13249688,12910500
201908,102191,651029,12108750,0.38,12003750,12809062,12648000
201908,102191,511691,11287500,0.42,11287500,13258125,12864000
201908,102191,259387,12348750,0.43,12345000,13051875,12910500
201908,102191,221071,13151250,0.4,13151250,12578438,12693000
201908,102191,538301,13203750,0.5,12753750,12307500,12396750
201908,102191,706913,11842500,0.44,11673750,13094062,12810000
201908,102191,212999,13567500,0.42,13477500,12710625,12864000
201908,102191,647321,11790000,0.43,11508750,13260938,12910500
201908,102191,167623,14445000,0.36,14287500,12120000,12553500
201908,102191,222163,12390000,0.46,12390000,12862500,12768000
201908,102191,920687,13147500,0.42,13027500,12823125,12864000
201908,102191,167213,12592500,0.5,12101250,12470625,12396750
201908,102191,325673,11655000,0.43,11610000,13235625,12910500
201908,102191,132233,13282500,0.45,13125000,12695625,12781500
201908,102191,284227,11433750,0.42,11373750,13236562,12864000
201908,102191,876181,13447500,0.41,13346250,12612188,12759000
201908,102191,978233,14242500,0.43,14107500,12611250,12910500
201908,102191,355457,13271250,0.41,13038750,12689062,12759000
201908,102191,641513,13331250,0.42,13200000,12780000,12864000
201908,102191,737969,13466250,0.45,13455000,12613125,12781500
201908,102191,838139,13770000,0.43,13732500,12705000,12910500
201908,102191,544759,13155000,0.43,13155000,12849375,12910500
201908,102191,617791,14220000,0.43,14126250,12606562,12910500
201908,102191,577169,13518750,0.43,13402500,12787500,12910500
201908,102191,414241,13376250,0.46,13376250,12615938,12768000
201908,102191,415823,12138750,0.43,12135000,13104375,12910500
201908,102191,992917,12326250,0.42,12326250,12998438,12864000
201908,102191,433861,14092500,0.38,14092500,12286875,12648000
201908,102191,730421,14036250,0.43,14036250,12629062,12910500
201908,102191,586237,14430000,0.43,14422500,12532500,12910500
201908,102191,123701,12510000,0.42,12510000,12952500,12864000
201908,102191,221077,11943750,0.43,11943750,13152188,12910500
201908,102191,476167,13473750,0.45,13293750,12653438,12781500
201908,102191,794569,13938750,0.41,13807500,12496875,12759000
201908,102191,380909,13905000,0.38,13905000,12333750,12648000
201908,102191,631039,13496250,0.43,13496250,12764062,12910500
201908,102191,862541,12483750,0.38,12483750,12689062,12648000
201908,102191,260551,13526250,0.47,13526250,12359062,12592500
201908,102191,219983,14227500,0.45,14122500,12446250,12781500
201908,102191,217121,13128750,0.5,13128750,12213750,12396750
201908,102191,976957,12735000,0.38,12735000,12626250,12648000
201908,102191,432559,14411250,0.48,14411250,12059062,12529500
201908,102191,628861,12120000,0.38,12120000,12780000,12648000
201908,102191,944297,11493750,0.45,11493750,13103438,12781500
201908,102191,236627,13068750,0.52,12971250,11980312,12178500
201908,102191,546613,14670000,0.48,14670000,11994375,12529500
201908,102191,493123,11606250,0.25,11321250,12087188,11934000
201908,102191,618841,14572500,0.43,14572500,12495000,12910500
201908,102191,289031,13008750,0.43,12975000,12894375,12910500
201908,102191,627091,12273750,0.48,12172500,12618750,12529500
201908,102191,990719,14070000,0.38,14070000,12292500,12648000
201908,102191,461921,13087500,0.37,12963750,12434062,12540000
201908,102191,216803,12990000,0.44,12990000,12765000,12810000
201908,102191,615101,13751250,0.42,13751250,12642188,12864000
201908,102191,482117,12862500,0.42,12862500,12864375,12864000
201908,102191,358243,12045000,0.46,12045000,12948750,12768000
201908,102191,981983,13995000,0.44,13972500,12519375,12810000
201908,102191,712883,14096250,0.4,13935000,12382500,12693000
201908,102191,213173,14317500,0.42,14152500,12541875,12864000
201908,102191,400249,12258750,0.44,12240000,12952500,12810000
201908,102191,953501,12828750,0.45,12828750,12769688,12781500
201908,102191,624203,11265000,0.43,11238750,13328438,12910500
201908,102191,656273,13912500,0.34,13740000,12033750,12375000
201907,102191,904147,14340000,0.28,14013750,12666562,12936000
201907,102191,976091,14231250,0.31,14141250,12668438,12963000
201907,102191,910661,13931250,0.42,13931250,11880000,12290250
201907,102191,242197,11613750,0.47,11568750,11820938,11770500
201907,102191,847519,13578750,0.33,13575000,12945938,13071750
201907,102191,226099,13087500,0.29,13087500,12934688,12965250
201907,102191,699493,14141250,0.33,14141250,12804375,13071750
201907,102191,275339,11606250,0.34,11433750,13403438,13009500
201907,102191,751423,12712500,0.35,12573750,13056562,12960000
201907,102191,844523,13305000,0.29,13301250,12881250,12965250
201907,102191,577531,14107500,0.34,13961250,12771562,13009500
201907,102191,955139,13571250,0.25,13571250,12971250,13091250
201907,102191,929311,13893750,0.34,13893750,12788438,13009500
201907,102191,923441,13211250,0.33,12761250,13149375,13071750
201907,102191,372847,12116250,0.31,12116250,13174688,12963000
201907,102191,778187,13440000,0.38,12708750,12654375,12665250
201907,102191,102913,13998750,0.32,13792500,12912188,13088250
201907,102191,923179,14550000,0.25,14550000,12726562,13091250
201907,102191,356929,13380000,0.25,13380000,13019062,13091250
201907,102191,488617,10968750,0.39,10882500,12886875,12486000
201907,102191,579869,13762500,0.27,13762500,12796875,12990000
201907,102191,869299,13537500,0.33,13425000,12983438,13071750
201907,102191,702469,12228750,0.3,12228750,13059375,12893250
201907,102191,877367,15093750,0.33,14943750,12603750,13071750
201907,102191,737281,13398750,0.33,13357500,13000312,13071750
201907,102191,659473,14182500,0.35,13736250,12765938,12960000
201907,102191,370399,13957500,0.34,13942500,12776250,13009500
201907,102191,561529,12547500,0.37,12435000,12874688,12786750
201907,102191,813199,12570000,0.32,12540000,13225312,13088250
201907,102191,128969,13796250,0.25,13796250,12915000,13091250
201907,102191,242377,12982500,0.35,12982500,12954375,12960000
201907,102191,906823,12967500,0.43,12821250,12045000,12200250
201907,102191,461603,13931250,0.36,13833750,12638438,12877500
201907,102191,590963,12382500,0.35,11996250,13200938,12960000
201907,102191,366217,14096250,0.35,14096250,12675938,12960000
201907,102191,780631,13758750,0.25,13481250,12993750,13091250
201907,102191,902179,13590000,0.39,13590000,12210000,12486000
201907,102191,651029,13837500,0.25,13837500,12904688,13091250
201907,102191,511691,14242500,0.37,14163750,12442500,12786750
201907,102191,259387,13702500,0.32,13293750,13036875,13088250
201907,102191,221071,13792500,0.25,13368750,13021875,13091250
201907,102191,538301,14115000,0.31,14115000,12675000,12963000
201907,102191,706913,12667500,0.29,12221250,13151250,12965250
201907,102191,212999,14073750,0.33,14073750,12821250,13071750
201907,102191,647321,14666250,0.32,14666250,12693750,13088250
201907,102191,167623,13267500,0.34,13267500,12945000,13009500
201907,102191,222163,14396250,0.33,14396250,12740625,13071750
201907,102191,920687,14148750,0.25,13916250,12885000,13091250
201907,102191,167213,13698750,0.31,13526250,12822188,12963000
201907,102191,325673,13425000,0.23,13267500,12728438,12836250
201907,102191,132233,13095000,0.36,13095000,12823125,12877500
201907,102191,284227,13282500,0.32,13282500,13039688,13088250
201907,102191,876181,11891250,0.23,11891250,13072500,12836250
201907,102191,978233,13758750,0.38,13635000,12422812,12665250
201907,102191,355457,15183750,0.36,15183750,12300938,12877500
201907,102191,641513,14310000,0.33,14310000,12762188,13071750
201907,102191,737969,14613750,0.32,14490000,12737812,13088250
201907,102191,838139,12738750,0.26,12543750,13168125,13043250
201907,102191,544759,13545000,0.31,13346250,12867188,12963000
201907,102191,617791,14958750,0.33,14958750,12600000,13071750
201907,102191,577169,13957500,0.32,13957500,12870938,13088250
201907,102191,414241,13590000,0.32,13323750,13029375,13088250
201907,102191,415823,14771250,0.35,14655000,12536250,12960000
201907,102191,992917,13215000,0.27,13162500,12946875,12990000
201907,102191,433861,13320000,0.42,13301250,12037500,12290250
201907,102191,730421,13567500,0.29,13365000,12865312,12965250
201907,102191,586237,12315000,0.36,12315000,13018125,12877500
201907,102191,123701,12690000,0.24,12678750,13044375,12971250
201907,102191,221077,13301250,0.24,13121250,12933750,12971250
201907,102191,476167,13196250,0.32,12978750,13115625,13088250
201907,102191,794569,14452500,0.25,14452500,12750938,13091250
201907,102191,380909,12210000,0.27,12210000,13185000,12990000
201907,102191,631039,14043750,0.27,14021250,12732188,12990000
201907,102191,862541,13016250,0.34,12648750,13099688,13009500
201907,102191,260551,12708750,0.33,12678750,13170000,13071750
201907,102191,219983,14223750,0.28,13942500,12684375,12936000
201907,102191,217121,12892500,0.33,12783750,13143750,13071750
201907,102191,976957,14636250,0.32,14396250,12761250,13088250
201907,102191,432559,13170000,0.25,13113750,13085625,13091250
201907,102191,628861,13053750,0.29,13053750,12943125,12965250
201907,102191,944297,14036250,0.36,14025000,12590625,12877500
201907,102191,236627,12881250,0.29,12686250,13035000,12965250
201907,102191,546613,13642500,0.31,13443750,12842812,12963000
201907,102191,493123,13863750,0.32,13691250,12937500,13088250
201907,102191,618841,15682500,0.25,15656250,12450000,13091250
201907,102191,289031,12765000,0.23,12765000,12854062,12836250
201907,102191,627091,13016250,0.34,13016250,13007812,13009500
201907,102191,990719,13515000,0.33,13110000,13062188,13071750
201907,102191,461921,14032500,0.31,13781250,12758438,12963000
201907,102191,216803,13920000,0.29,13920000,12726562,12965250
201907,102191,615101,14572500,0.29,14568750,12564375,12965250
201907,102191,482117,11265000,0.41,11122500,12656250,12349500
201907,102191,358243,12360000,0.33,12120000,13309688,13071750
201907,102191,981983,13143750,0.24,13008750,12961875,12971250
201907,102191,712883,12412500,0.32,12412500,13257188,13088250
201907,102191,213173,15405000,0.26,15307500,12477188,13043250
201907,102191,400249,15468750,0.26,15247500,12492188,13043250
201907,102191,953501,13751250,0.25,13605000,12962812,13091250
201907,102191,624203,13470000,0.3,13275000,12797812,12893250
201907,102191,656273,13278750,0.31,13068750,12936562,12963000
201906,102191,904147,12892500,0.37,12892500,13277812,13200750
201906,102191,976091,13815000,0.4,13706250,13185938,13290000
201906,102191,910661,12405000,0.52,12378750,13022812,12894000
201906,102191,242197,13856250,0.4,13477500,13243125,13290000
201906,102191,847519,13173750,0.37,12866250,13284375,13200750
201906,102191,226099,14010000,0.37,14010000,12998438,13200750
201906,102191,699493,14302500,0.39,14100000,13168125,13354500
201906,102191,275339,14092500,0.43,14088750,13065938,13270500
201906,102191,751423,13953750,0.33,13792500,12674062,12897750
201906,102191,844523,13522500,0.38,13522500,13198125,13263000
201906,102191,577531,12528750,0.29,12423750,12509062,12492000
201906,102191,955139,13556250,0.44,13556250,13092188,13185000
201906,102191,929311,13410000,0.34,13267500,12930938,12998250
201906,102191,923441,13143750,0.38,13057500,13314375,13263000
201906,102191,372847,14250000,0.44,14051250,12968438,13185000
201906,102191,778187,13556250,0.48,13256250,12922500,12989250
201906,102191,102913,12900000,0.55,12806250,12361875,12450750
201906,102191,923179,14992500,0.41,14797500,12858750,13246500
201906,102191,356929,13001250,0.38,12960000,13338750,13263000
201906,102191,488617,12172500,0.39,12033750,13684688,13354500
201906,102191,579869,13635000,0.43,13635000,13179375,13270500
201906,102191,869299,14216250,0.47,14043750,12751875,13010250
201906,102191,702469,12967500,0.42,12967500,13330312,13257750
201906,102191,877367,13106250,0.39,13053750,13429688,13354500
201906,102191,737281,13942500,0.41,13942500,13072500,13246500
201906,102191,659473,13323750,0.41,13102500,13282500,13246500
201906,102191,370399,13530000,0.42,13530000,13189688,13257750
201906,102191,561529,14426250,0.46,14062500,12761250,13021500
201906,102191,813199,14865000,0.49,14666250,12581250,12998250
201906,102191,128969,13612500,0.42,13466250,13205625,13257750
201906,102191,242377,15067500,0.38,15015000,12825000,13263000
201906,102191,906823,13860000,0.41,13713750,13129688,13246500
201906,102191,461603,13687500,0.41,13687500,13136250,13246500
201906,102191,590963,14073750,0.44,13890000,13008750,13185000
201906,102191,366217,13646250,0.39,13646250,13281562,13354500
201906,102191,780631,13935000,0.42,13777500,13127812,13257750
201906,102191,902179,13496250,0.48,13496250,12862500,12989250
201906,102191,651029,13035000,0.4,13035000,13353750,13290000
201906,102191,511691,14265000,0.4,14265000,13046250,13290000
201906,102191,259387,14310000,0.42,14133750,13038750,13257750
201906,102191,221071,13068750,0.36,12596250,13101562,13000500
201906,102191,538301,14006250,0.42,14006250,13070625,13257750
201906,102191,706913,12438750,0.41,12266250,13491562,13246500
201906,102191,212999,14523750,0.39,14448750,13080938,13354500
201906,102191,647321,12191250,0.52,11943750,13131562,12894000
201906,102191,167623,13181250,0.45,13181250,13162500,13166250
201906,102191,222163,13920000,0.42,13920000,13092188,13257750
201906,102191,920687,12645000,0.51,12435000,13063125,12937500
201906,102191,167213,12772500,0.45,12742500,13272188,13166250
201906,102191,325673,14801250,0.4,14801250,12912188,13290000
201906,102191,132233,14107500,0.43,13942500,13102500,13270500
201906,102191,284227,12783750,0.37,12671250,13333125,13200750
201906,102191,876181,12007500,0.39,12007500,13691250,13354500
201906,102191,978233,14906250,0.34,14793750,12549375,12998250
201906,102191,355457,13635000,0.37,13635000,13092188,13200750
201906,102191,641513,12412500,0.38,12348750,13491562,13263000
201906,102191,737969,12765000,0.39,12573750,13549688,13354500
201906,102191,838139,14036250,0.44,13773750,13037812,13185000
201906,102191,544759,12885000,0.41,12885000,13336875,13246500
201906,102191,617791,13777500,0.41,13571250,13165312,13246500
201906,102191,577169,14415000,0.4,14415000,13008750,13290000
201906,102191,414241,15048750,0.43,15033750,12829688,13270500
201906,102191,415823,13833750,0.45,13833750,12999375,13166250
201906,102191,992917,12596250,0.39,12596250,13544062,13354500
201906,102191,433861,12247500,0.39,12247500,13631250,13354500
201906,102191,730421,14085000,0.48,13953750,12748125,12989250
201906,102191,586237,12596250,0.49,12596250,13098750,12998250
201906,102191,123701,13462500,0.49,13113750,12969375,12998250
201906,102191,221077,13290000,0.39,13290000,13370625,13354500
201906,102191,476167,13976250,0.42,13908750,13095000,13257750
201906,102191,794569,12588750,0.45,12525000,13326562,13166250
201906,102191,380909,14715000,0.39,14715000,13014375,13354500
201906,102191,631039,13631250,0.48,13631250,12828750,12989250
201906,102191,862541,15903750,0.48,15791250,12288750,12989250
201906,102191,260551,14977500,0.38,14748750,12891562,13263000
201906,102191,219983,13113750,0.37,13113750,13222500,13200750
201906,102191,217121,12926250,0.38,12926250,13347188,13263000
201906,102191,976957,13893750,0.45,13845000,12996562,13166250
201906,102191,432559,13818750,0.45,13818750,13003125,13166250
201906,102191,628861,13361250,0.44,13361250,13140938,13185000
201906,102191,944297,13893750,0.44,13736250,13047188,13185000
201906,102191,236627,12708750,0.43,12708750,13410938,13270500
201906,102191,546613,12900000,0.4,12810000,13410000,13290000
201906,102191,493123,13995000,0.38,13927500,13096875,13263000
201906,102191,618841,14197500,0.52,14197500,12568125,12894000
201906,102191,289031,14190000,0.39,14190000,13145625,13354500
201906,102191,627091,13762500,0.42,13762500,13131562,13257750
201906,102191,990719,13736250,0.49,13736250,12813750,12998250
201906,102191,461921,13368750,0.41,13368750,13215938,13246500
201906,102191,216803,12633750,0.45,12453750,13344375,13166250
201906,102191,615101,12776250,0.45,12652500,13294688,13166250
201906,102191,482117,13878750,0.43,13878750,13118438,13270500
201906,102191,358243,14306250,0.35,13717500,12824062,13002750
201906,102191,981983,15236250,0.41,14703750,12882188,13246500
201906,102191,712883,14426250,0.45,14351250,12870000,13166250
201906,102191,213173,14658750,0.4,14658750,12947812,13290000
201906,102191,400249,13957500,0.38,13886250,13107188,13263000
201906,102191,953501,12915000,0.48,12892500,13013438,12989250
201906,102191,624203,12813750,0.44,12813750,13277812,13185000
201906,102191,656273,14096250,0.39,14085000,13171875,13354500
201905,102191,904147,12480000,0.38,12270000,10930312,11198250
201905,102191,976091,11591250,0.39,11591250,11188125,11268750
201905,102191,910661,11733750,0.43,11733750,10985625,11135250
201905,102191,242197,11272500,0.45,11272500,11089688,11126250
201905,102191,847519,10466250,0.32,10466250,11215312,11065500
201905,102191,226099,11910000,0.35,11808750,11009062,11169000
201905,102191,699493,12052500,0.31,11797500,10732500,10945500
201905,102191,275339,11730000,0.39,11730000,11153438,11268750
201905,102191,751423,11231250,0.39,10998750,11336250,11268750
201905,102191,844523,11538750,0.44,11516250,11057812,11149500
201905,102191,577531,10590000,0.41,10005000,11392500,11115000
201905,102191,955139,11197500,0.41,11178750,11099062,11115000
201905,102191,929311,11970000,0.37,11718750,10959375,11111250
201905,102191,923441,11426250,0.54,11426250,10252500,10487250
201905,102191,372847,13218750,0.44,13012500,10683750,11149500
201905,102191,778187,12517500,0.44,12345000,10850625,11149500
201905,102191,102913,11208750,0.54,11006250,10357500,10487250
201905,102191,923179,12412500,0.47,12412500,10865625,11175000
201905,102191,356929,11733750,0.45,11565000,11016562,11126250
201905,102191,488617,13597500,0.46,13380000,10606875,11161500
201905,102191,579869,9918750,0.44,9900000,11461875,11149500
201905,102191,869299,11520000,0.35,11377500,11116875,11169000
201905,102191,702469,12056250,0.47,12056250,10954688,11175000
201905,102191,877367,11190000,0.47,11002500,11218125,11175000
201905,102191,737281,12135000,0.39,12135000,11052188,11268750
201905,102191,659473,12213750,0.36,12213750,10892812,11157000
201905,102191,370399,11598750,0.4,11553750,11125312,11211000
201905,102191,561529,9993750,0.35,9982500,11465625,11169000
201905,102191,813199,10968750,0.38,10968750,11255625,11198250
201905,102191,128969,12120000,0.36,11846250,10984688,11157000
201905,102191,242377,12153750,0.39,12030000,11078438,11268750
201905,102191,906823,10226250,0.36,10151250,11408438,11157000
201905,102191,461603,11673750,0.45,11317500,11078438,11126250
201905,102191,590963,11096250,0.32,11096250,11057812,11065500
201905,102191,366217,12345000,0.34,12161250,10904062,11155500
201905,102191,780631,11482500,0.44,10942500,11201250,11149500
201905,102191,902179,11088750,0.4,11088750,11241562,11211000
201905,102191,651029,11145000,0.3,10852500,10779375,10794000
201905,102191,511691,11921250,0.44,11628750,11029688,11149500
201905,102191,259387,11321250,0.37,11321250,11058750,11111250
201905,102191,221071,11373750,0.39,11373750,11242500,11268750
201905,102191,538301,11478750,0.4,11478750,11144062,11211000
201905,102191,706913,11775000,0.39,11520000,11205938,11268750
201905,102191,212999,12716250,0.39,12716250,10906875,11268750
201905,102191,647321,12326250,0.43,12168750,10876875,11135250
201905,102191,167623,11820000,0.36,11775000,11002500,11157000
201905,102191,222163,10342500,0.46,10147500,11415000,11161500
201905,102191,920687,11576250,0.51,11527500,10545000,10741500
201905,102191,167213,12408750,0.32,12408750,10729688,11065500
201905,102191,325673,11962500,0.45,11707500,10980938,11126250
201905,102191,132233,12101250,0.47,12101250,10943438,11175000
201905,102191,284227,9266250,0.41,9258750,11579062,11115000
201905,102191,876181,11478750,0.45,11212500,11104688,11126250
201905,102191,978233,11516250,0.36,11430000,11088750,11157000
201905,102191,355457,11745000,0.43,11587500,11022188,11135250
201905,102191,641513,11692500,0.36,11658750,11031562,11157000
201905,102191,737969,12281250,0.48,12161250,10614375,10923750
201905,102191,838139,11268750,0.35,11268750,11144062,11169000
201905,102191,544759,11287500,0.32,11261250,11016562,11065500
201905,102191,617791,10548750,0.44,10308750,11359688,11149500
201905,102191,577169,12783750,0.46,12622500,10796250,11161500
201905,102191,414241,12285000,0.34,12108750,10917188,11155500
201905,102191,415823,12277500,0.48,12273750,10586250,10923750
201905,102191,992917,11572500,0.34,11572500,11051250,11155500
201905,102191,433861,11538750,0.46,11538750,11067188,11161500
201905,102191,730421,12431250,0.47,12431250,10860938,11175000
201905,102191,586237,11025000,0.47,11025000,11212500,11175000
201905,102191,123701,11928750,0.44,11861250,10971562,11149500
201905,102191,221077,10717500,0.48,10717500,10975312,10923750
201905,102191,476167,11831250,0.35,11831250,11003438,11169000
201905,102191,794569,11745000,0.39,11745000,11149688,11268750
201905,102191,380909,10725000,0.33,10638750,11155312,11052000
201905,102191,631039,10436250,0.32,10436250,11222812,11065500
201905,102191,862541,12153750,0.39,11988750,11088750,11268750
201905,102191,260551,11460000,0.34,11460000,11079375,11155500
201905,102191,219983,10530000,0.47,10530000,11336250,11175000
201905,102191,217121,11126250,0.31,11010000,10929375,10945500
201905,102191,976957,12802500,0.44,12802500,10736250,11149500
201905,102191,432559,11471250,0.45,11298750,11083125,11126250
201905,102191,628861,10443750,0.4,10338750,11429062,11211000
201905,102191,944297,11505000,0.47,11505000,11092500,11175000
201905,102191,236627,12048750,0.4,12048750,11001562,11211000
201905,102191,546613,11883750,0.36,11707500,11019375,11157000
201905,102191,493123,12067500,0.43,12007500,10917188,11135250
201905,102191,618841,11966250,0.48,11966250,10663125,10923750
201905,102191,289031,12618750,0.51,12618750,10272188,10741500
201905,102191,627091,10942500,0.52,10942500,10676250,10729500
201905,102191,990719,11171250,0.36,10725000,11265000,11157000
201905,102191,461921,10372500,0.44,10361250,11346562,11149500
201905,102191,216803,11103750,0.44,11010000,11184375,11149500
201905,102191,615101,11178750,0.32,11178750,11037188,11065500
201905,102191,482117,11587500,0.35,11587500,11064375,11169000
201905,102191,358243,11625000,0.41,11591250,10995938,11115000
201905,102191,981983,11017500,0.49,10601250,10840312,10792500
201905,102191,712883,12270000,0.44,11812500,10983750,11149500
201905,102191,213173,12045000,0.39,11996250,11086875,11268750
201905,102191,400249,10338750,0.48,10338750,11070000,10923750
201905,102191,953501,11370000,0.39,11141250,11300625,11268750
201905,102191,624203,11392500,0.47,11392500,11120625,11175000
201905,102191,656273,11047500,0.4,11047500,11251875,11211000
201904,102191,904147,13905000,0.3,13905000,13702500,13743000
201904,102191,976091,14362500,0.39,13893750,13506562,13584000
201904,102191,910661,14703750,0.55,14703750,12155625,12665250
201904,102191,242197,13593750,0.29,13552500,13750312,13710750
201904,102191,847519,14625000,0.32,14418750,13614375,13775250
201904,102191,226099,15015000,0.43,14700000,13148438,13458750
201904,102191,699493,13713750,0.41,13331250,13539375,13497750
201904,102191,275339,13065000,0.29,13065000,13872188,13710750
201904,102191,751423,14797500,0.42,14692500,13241250,13531500
201904,102191,844523,14613750,0.36,14212500,13429688,13586250
201904,102191,577531,14355000,0.32,14238750,13659375,13775250
201904,102191,955139,14062500,0.39,13931250,13497188,13584000
201904,102191,929311,14148750,0.48,14148750,12994688,13225500
201904,102191,923441,13852500,0.4,13545000,13532812,13535250
201904,102191,372847,14546250,0.38,14546250,13332188,13575000
201904,102191,778187,14857500,0.43,14842500,13112812,13458750
201904,102191,102913,13590000,0.39,13590000,13582500,13584000
201904,102191,923179,14625000,0.37,14456250,13365938,13584000
201904,102191,356929,14197500,0.43,13680000,13403438,13458750
201904,102191,488617,13503750,0.34,13267500,13820625,13710000
201904,102191,579869,13361250,0.3,13297500,13854375,13743000
201904,102191,869299,14055000,0.34,14055000,13623750,13710000
201904,102191,702469,13425000,0.33,13353750,13816875,13724250
201904,102191,877367,13680000,0.39,13605000,13578750,13584000
201904,102191,737281,15862500,0.41,15386250,13025625,13497750
201904,102191,659473,13185000,0.31,13132500,13815000,13678500
201904,102191,370399,14778750,0.32,14722500,13538438,13775250
201904,102191,561529,15048750,0.33,15018750,13400625,13724250
201904,102191,813199,13830000,0.42,13578750,13519688,13531500
201904,102191,128969,15183750,0.39,14842500,13269375,13584000
201904,102191,242377,14370000,0.44,14212500,13150312,13362750
201904,102191,906823,14133750,0.42,14002500,13413750,13531500
201904,102191,461603,13935000,0.46,13740000,13309688,13395750
201904,102191,590963,14058750,0.4,14058750,13404375,13535250
201904,102191,366217,13421250,0.35,13323750,13730625,13649250
201904,102191,780631,15427500,0.35,15337500,13227188,13649250
201904,102191,902179,13481250,0.29,13421250,13783125,13710750
201904,102191,651029,15352500,0.41,15161250,13081875,13497750
201904,102191,511691,14066250,0.42,13627500,13507500,13531500
201904,102191,259387,13871250,0.33,13672500,13737188,13724250
201904,102191,221071,14126250,0.3,13830000,13721250,13743000
201904,102191,538301,15228750,0.46,15146250,12958125,13395750
201904,102191,706913,15873750,0.3,15742500,13243125,13743000
201904,102191,212999,14355000,0.45,14175000,13182188,13380750
201904,102191,647321,14291250,0.26,14141250,13262812,13438500
201904,102191,167623,15045000,0.49,15045000,12699375,13168500
201904,102191,222163,14295000,0.33,14295000,13581562,13724250
201904,102191,920687,13466250,0.34,13451250,13774688,13710000
201904,102191,167213,15180000,0.42,14715000,13235625,13531500
201904,102191,325673,13747500,0.37,13623750,13574062,13584000
201904,102191,132233,12851250,0.35,12780000,13866562,13649250
201904,102191,284227,14190000,0.3,14171250,13635938,13743000
201904,102191,876181,14163750,0.41,14163750,13331250,13497750
201904,102191,978233,14831250,0.32,14831250,13511250,13775250
201904,102191,355457,14486250,0.4,14486250,13297500,13535250
201904,102191,641513,14595000,0.39,14595000,13331250,13584000
201904,102191,737969,13657500,0.32,13578750,13824375,13775250
201904,102191,838139,14981250,0.36,14917500,13253438,13586250
201904,102191,544759,14163750,0.3,13822500,13723125,13743000
201904,102191,617791,14287500,0.32,14167500,13677188,13775250
201904,102191,577169,13830000,0.45,13143750,13440000,13380750
201904,102191,414241,15671250,0.45,15525000,12844688,13380750
201904,102191,415823,13792500,0.44,13657500,13289062,13362750
201904,102191,992917,12705000,0.43,12705000,13647188,13458750
201904,102191,433861,13215000,0.27,12993750,13530000,13422750
201904,102191,730421,14186250,0.33,13758750,13715625,13724250
201904,102191,586237,13256250,0.34,13038750,13877812,13710000
201904,102191,123701,13128750,0.38,12997500,13719375,13575000
201904,102191,221077,13541250,0.35,13361250,13721250,13649250
201904,102191,476167,14220000,0.32,14220000,13664062,13775250
201904,102191,794569,14250000,0.46,14238750,13185000,13395750
201904,102191,380909,12907500,0.31,12907500,13871250,13678500
201904,102191,631039,13057500,0.33,12798750,13955625,13724250
201904,102191,862541,14437500,0.29,14381250,13543125,13710750
201904,102191,260551,12577500,0.32,12292500,14145938,13775250
201904,102191,219983,13837500,0.36,13837500,13523438,13586250
201904,102191,217121,14268750,0.34,13935000,13653750,13710000
201904,102191,976957,15307500,0.34,15307500,13310625,13710000
201904,102191,432559,14486250,0.44,14486250,13081875,13362750
201904,102191,628861,13297500,0.43,13211250,13520625,13458750
201904,102191,944297,14880000,0.39,14812500,13276875,13584000
201904,102191,236627,14152500,0.48,14152500,12993750,13225500
201904,102191,546613,13890000,0.35,13357500,13722188,13649250
201904,102191,493123,14103750,0.34,14103750,13611562,13710000
201904,102191,618841,12191250,0.29,12191250,14090625,13710750
201904,102191,289031,13297500,0.37,13293750,13656562,13584000
201904,102191,627091,13413750,0.32,13365000,13877812,13775250
201904,102191,990719,14471250,0.36,14471250,13365000,13586250
201904,102191,461921,14568750,0.37,14152500,13441875,13584000
201904,102191,216803,14992500,0.33,14793750,13456875,13724250
201904,102191,615101,13297500,0.42,13267500,13597500,13531500
201904,102191,482117,14418750,0.46,14366250,13153125,13395750
201904,102191,358243,15772500,0.32,15772500,13275938,13775250
201904,102191,981983,13627500,0.39,13627500,13573125,13584000
201904,102191,712883,14253750,0.37,14115000,13451250,13584000
201904,102191,213173,13743750,0.26,13743750,13362188,13438500
201904,102191,400249,13646250,0.32,13646250,13807500,13775250
201904,102191,953501,13473750,0.33,13473750,13786875,13724250
201904,102191,624203,14362500,0.33,14362500,13564688,13724250
201904,102191,656273,14212500,0.41,14212500,13319062,13497750